alpha0,YAL038W,YBL021C,YBL025W,YBL072C,YBL087C,YBR055C,YBR123C,YBR181C,YBR188C,YBR189W,YBR191W,YBR193C,YBR215W,YBR236C,YBR253W,YBR279W,YCR012W,YDL030W,YDL044C,YDL061C,YDL075W,YDL082W,YDL083C,YDL136W,YDL191W,YDL194W,YDR064W,YDR073W,YDR088C,YDR240C,YDR243C,YDR308C,YDR341C,YDR342C,YDR343C,YDR345C,YDR397C,YDR450W,YDR471W,YDR473C,YDR500C,YDR536W,YEL056W,YER022W,YER029C,YER032W,YER074W,YER102W,YER112W,YER117W,YER131W,YER159C,YER162C,YER169W,YFL001W,YFL011W,YFR037C,YGL031C,YGL070C,YGL076C,YGL090W,YGL103W,YGL123W,YGL135W,YGL147C,YGL189C,YGL243W,YGL244W,YGL253W,YGR005C,YGR013W,YGR027C,YGR034W,YGR047C,YGR056W,YGR074W,YGR075C,YGR091W,YGR104C,YGR118W,YGR148C,YGR186W,YGR192C,YGR200C,YGR240C,YGR254W,YGR289C,YHL001W,YHL009C,YHL033C,YHR006W,YHR010W,YHR021C,YHR058C,YHR092C,YHR094C,YHR096C,YHR141C,YHR174W,YHR178W,YHR203C,YIL018W,YIL021W,YIL052C,YIL069C,YIL133C,YIL170W,YIR015W,YIR018W,YJL052W,YJL115W,YJL127C,YJL136C,YJL140W,YJL176C,YJL177W,YJL189W,YJL190C,YJL203W,YJL214W,YJL219W,YJR009C,YJR022W,YJR050W,YJR052W,YJR093C,YJR123W,YJR145C,YKL006W,YKL011C,YKL012W,YKL015W,YKL060C,YKL113C,YKL125W,YKL149C,YKL152C,YKR008W,YKR025W,YKR057W,YLL036C,YLR061W,YLR116W,YLR117C,YLR185W,YLR264W,YLR298C,YLR316C,YLR321C,YLR325C,YLR333C,YLR344W,YML026C,YML114C,YMR005W,YMR011W,YMR106C,YMR125W,YMR137C,YMR142C,YMR143W,YMR182C,YMR193W,YMR205C,YMR213W,YMR230W,YMR242C,YMR270C,YMR277W,YNL067W,YNL069C,YNL096C,YNL162W,YNL178W,YNL230C,YNL301C,YNL314W,YOL120C,YOL135C,YOR096W,YOR148C,YOR167C,YOR182C,YOR194C,YOR234C,YOR293W,YOR312C,YOR319W,YOR347C,YOR369C,YPL075W,YPL079W,YPL081W,YPL090C,YPL143W,YPL198W,YPL213W,YPL220W,YPR043W,YPR101W,YPR107C,YPR132W,YPR168W,YPR182W,YPR186C,
0.78495,5,1,4,1,2,1,2,2,4,2,4,5,2,6,3,3,6,4,3,5,3,2,5,6,4,3,4,2,6,1,3,1,6,2,3,3,3,3,5,3,6,2,6,5,4,3,4,3,2,2,2,1,2,2,1,3,1,4,2,6,4,2,1,6,3,2,3,5,3,1,5,6,3,5,3,1,4,1,6,6,2,4,6,2,5,2,6,3,4,4,4,2,2,3,6,3,2,2,5,3,3,2,6,4,3,2,3,2,4,3,3,3,1,1,2,5,2,4,2,6,2,5,4,1,6,6,2,5,3,4,6,6,5,2,4,2,4,5,6,1,1,1,2,3,3,4,1,3,6,2,4,3,4,4,6,3,6,3,5,5,1,1,3,6,3,4,2,5,1,2,2,3,2,3,6,6,2,5,2,3,1,2,1,4,2,3,2,6,3,2,4,2,5,2,3,4,6,3,4,3,1,2,5,1,6
0.77663,5,4,2,6,2,2,3,2,2,2,2,1,2,1,5,3,4,6,2,3,2,2,2,2,3,1,4,3,6,3,2,3,2,3,1,3,2,2,2,4,6,1,2,2,3,2,2,2,3,2,2,4,3,1,3,6,2,4,5,2,2,2,2,2,2,3,4,5,6,3,6,1,2,3,6,2,4,3,6,1,2,6,5,5,1,6,6,2,3,3,4,3,2,2,4,6,2,1,5,1,2,2,6,5,3,2,2,2,6,4,3,5,1,6,4,2,3,3,2,2,2,5,2,3,1,1,2,6,5,3,3,6,4,3,3,3,6,1,2,6,2,5,2,6,4,5,5,2,3,3,2,2,2,1,1,1,5,2,1,4,2,1,5,1,2,3,2,2,3,3,2,2,2,6,1,2,2,2,2,2,3,3,3,1,2,6,2,6,2,4,3,1,3,2,2,5,3,2,3,2,6,6,3,2,2
1.107,5,6,3,2,2,1,7,2,2,2,2,1,2,2,4,2,3,6,3,2,2,2,2,5,4,2,2,2,4,3,2,2,3,3,3,2,6,2,2,4,2,4,3,1,6,2,2,2,3,2,2,4,2,6,3,4,2,4,2,6,2,2,2,2,2,2,2,2,6,3,3,6,2,3,6,2,3,2,3,4,2,2,1,6,6,6,2,2,2,6,5,2,2,2,4,1,2,4,6,3,2,2,2,6,6,2,2,3,6,5,3,2,3,2,6,2,2,6,2,4,5,6,2,2,6,6,2,6,4,2,2,6,6,3,2,2,6,1,2,2,4,2,5,6,2,6,4,3,3,2,2,2,2,2,6,6,6,2,6,6,2,2,5,6,2,2,2,3,5,2,2,2,2,6,2,5,6,2,2,2,2,3,6,3,2,5,2,6,6,3,6,3,3,2,6,3,3,6,6,2,6,3,4,2,6
0.45648,6,2,2,2,2,6,3,2,2,2,2,2,3,2,2,2,6,6,3,2,2,2,2,2,1,3,2,5,6,6,4,1,3,2,5,2,6,2,4,3,2,2,2,6,1,2,2,2,3,2,2,6,2,2,2,6,2,2,2,2,2,2,2,2,2,2,5,2,3,5,6,3,2,3,6,7,3,6,4,6,2,6,3,4,6,6,6,3,2,6,5,3,2,6,6,6,2,2,6,7,2,2,2,2,3,2,3,2,6,2,5,3,3,3,6,2,6,3,3,6,2,6,2,4,5,6,2,6,2,2,6,6,6,3,8,4,6,3,4,5,6,2,4,2,2,6,5,4,3,2,2,2,2,3,6,6,6,2,2,2,1,2,2,3,6,6,2,6,6,6,2,2,2,6,2,2,6,2,6,2,2,7,2,4,2,6,2,3,3,2,3,6,2,2,3,6,6,4,2,2,3,2,6,2,6
0.71908,6,2,6,2,2,5,6,2,2,2,2,2,2,2,3,2,6,6,2,2,2,2,2,3,2,2,2,3,2,5,6,4,3,3,6,2,6,2,5,2,2,2,3,2,3,2,2,2,3,2,2,2,2,2,4,2,6,6,2,2,4,2,2,2,2,2,8,6,3,6,3,3,2,3,2,2,2,2,5,3,2,6,6,2,6,6,2,6,2,2,2,6,2,2,2,3,2,3,8,2,2,2,2,3,3,2,6,2,3,4,3,2,2,3,2,2,6,3,6,2,2,6,2,2,2,2,2,6,6,2,6,6,6,3,8,6,6,2,6,2,2,4,2,3,6,3,2,6,3,2,2,2,2,6,6,6,2,2,2,6,2,3,2,6,3,6,2,2,2,2,2,2,2,3,2,2,6,2,2,2,4,6,6,2,2,3,2,2,3,4,3,6,2,2,2,3,4,5,3,6,2,6,6,6,6
0.65648,6,6,2,6,2,6,5,2,2,2,2,2,2,6,2,6,6,6,3,2,3,2,2,2,2,4,2,2,2,2,2,4,2,2,2,2,6,2,6,4,2,4,2,4,3,2,2,2,3,2,2,6,6,2,6,2,2,3,2,3,2,2,2,2,2,2,6,2,3,6,2,2,2,2,2,2,1,2,2,3,2,6,6,2,6,6,2,6,2,2,2,2,2,2,2,6,2,6,6,3,2,2,2,2,6,2,2,2,6,3,3,2,4,2,6,2,5,2,2,2,2,6,2,2,6,2,2,3,2,2,2,6,6,3,6,3,6,2,2,6,6,2,2,2,2,6,4,2,6,2,2,2,2,6,6,6,4,2,3,2,2,2,2,6,6,3,2,2,2,2,2,2,2,3,2,3,2,6,3,2,2,2,2,3,2,3,2,6,2,3,4,3,6,2,6,6,4,2,3,2,6,6,3,6,2
0.50868,6,2,4,2,2,2,2,2,2,2,2,2,2,2,2,3,6,3,6,2,2,2,2,2,2,2,2,2,2,3,2,2,6,2,2,6,7,2,6,2,2,3,6,2,2,2,2,2,3,2,3,6,6,2,2,6,2,4,2,2,2,2,2,2,2,2,6,2,3,2,3,2,2,6,3,3,6,2,2,2,2,3,6,6,6,6,6,6,2,2,2,2,2,2,6,6,2,2,6,6,2,2,6,2,2,2,2,4,2,2,3,2,3,2,6,2,3,6,2,2,2,6,2,3,6,6,2,3,6,2,6,6,6,3,2,2,6,2,6,2,3,6,2,2,3,3,3,4,2,2,2,2,2,2,6,6,2,3,6,2,6,6,2,3,2,2,2,3,6,6,2,2,2,6,6,6,2,2,2,2,2,2,2,2,2,7,2,2,3,2,3,2,3,2,2,3,2,2,2,2,2,3,6,2,6
0.51567,6,2,2,2,2,2,6,2,2,2,2,2,2,2,2,2,6,3,6,2,2,2,2,3,2,3,2,6,6,2,2,6,6,6,2,6,6,2,2,2,2,2,2,2,3,2,2,2,3,2,2,2,2,3,3,3,2,2,2,3,2,2,2,2,2,2,6,2,3,2,1,3,2,2,6,6,2,3,6,2,2,6,6,2,6,6,2,6,2,2,2,2,2,6,6,1,2,2,6,2,2,2,2,2,2,2,2,6,3,2,3,2,2,3,6,2,6,2,2,3,2,6,2,2,2,6,2,6,2,2,2,6,6,3,2,2,6,2,2,2,2,2,3,3,2,3,3,3,6,2,2,2,2,2,6,6,2,2,2,6,6,2,2,6,2,2,2,2,6,3,2,2,2,6,2,2,6,2,2,2,2,2,3,2,2,6,2,2,3,2,2,3,2,2,1,3,3,6,2,2,2,3,2,2,6
0.48107,6,2,2,2,2,2,2,2,2,2,2,4,2,2,2,2,6,3,3,2,2,2,2,6,3,2,2,6,6,6,2,2,2,2,2,2,3,2,6,3,2,2,2,6,2,2,2,2,3,2,2,3,2,2,2,2,3,2,2,3,2,2,2,2,2,2,2,2,3,3,2,2,2,2,6,6,3,2,6,2,2,6,6,3,2,6,6,6,2,2,2,2,2,6,6,6,2,2,2,6,2,2,2,2,2,2,3,2,3,2,3,3,2,2,6,2,2,3,2,2,3,3,3,2,2,6,2,6,3,6,2,6,6,3,3,3,3,2,2,2,2,2,3,2,3,2,2,3,3,2,2,2,2,6,2,6,3,2,6,6,2,2,2,2,2,2,2,6,3,2,2,2,2,6,3,3,6,2,3,2,2,3,2,2,2,2,2,2,3,6,6,2,2,2,2,2,2,6,2,2,2,2,3,2,2
0.59546,6,6,4,2,2,2,6,2,2,2,2,6,6,2,2,3,3,6,3,2,2,2,2,2,2,6,2,3,6,2,6,2,6,3,2,2,3,2,2,2,3,6,2,2,6,2,2,2,3,2,2,6,3,2,2,6,6,2,2,6,6,2,2,2,2,2,3,2,3,2,2,2,2,2,6,2,3,2,6,2,2,6,3,6,3,3,2,2,3,2,2,2,2,3,6,6,2,2,2,2,2,2,6,2,2,2,2,2,6,3,3,6,2,2,6,2,2,2,2,6,2,6,3,2,6,3,2,6,2,2,3,6,3,3,3,3,3,6,4,2,2,6,6,2,2,3,6,6,2,2,2,2,2,2,6,6,6,2,6,2,6,2,2,6,2,6,2,3,6,3,2,2,2,6,3,6,2,2,2,2,2,2,2,2,2,2,2,2,2,2,2,2,3,2,3,2,2,3,2,2,3,3,6,2,6
0.056313,6,2,6,2,2,6,2,2,2,2,2,3,2,2,3,3,3,3,6,2,2,2,2,6,3,3,2,2,6,6,2,6,2,3,2,6,3,2,2,6,6,6,3,3,6,2,2,2,3,2,2,6,6,2,3,3,2,6,2,2,2,2,2,2,2,2,2,2,3,6,3,2,2,3,3,6,3,3,6,2,2,3,3,2,3,3,2,6,6,2,3,3,2,3,2,6,2,6,6,6,2,2,2,3,3,2,2,2,6,2,3,3,6,3,3,2,2,2,6,2,3,3,3,2,2,6,2,6,3,6,2,3,3,6,3,2,6,2,6,2,2,2,2,2,2,3,3,3,6,2,2,2,2,2,3,6,6,6,2,2,2,2,3,3,6,2,2,3,6,6,2,2,2,6,6,2,3,2,2,2,2,2,6,6,2,2,2,2,6,2,3,3,2,2,2,2,2,3,3,2,6,2,3,2,6
0.39604,6,3,2,2,2,2,6,2,2,2,2,6,2,2,3,3,3,2,3,2,2,2,2,6,2,3,2,2,6,6,2,3,3,3,6,2,2,2,2,3,2,2,2,6,6,2,2,2,3,2,2,2,6,3,2,6,2,3,2,3,6,2,2,2,2,2,6,2,6,6,6,2,2,3,6,2,3,2,2,2,2,3,3,3,6,3,2,2,2,2,2,6,2,6,2,6,2,2,6,6,2,2,3,2,6,2,2,3,6,2,6,2,2,6,3,2,2,6,2,2,3,3,6,3,3,3,2,6,2,2,3,3,3,6,2,3,3,6,2,2,2,2,2,2,2,6,2,3,6,2,2,2,2,2,6,6,2,6,2,6,2,2,3,6,6,2,2,6,2,3,2,2,2,6,2,2,6,2,6,2,2,6,6,2,2,2,2,2,2,2,6,2,2,2,3,6,3,2,2,2,3,2,3,2,6
0.73233,3,2,2,2,2,6,6,2,2,2,2,3,2,2,3,2,3,2,2,2,2,2,2,6,2,2,2,2,6,6,2,2,2,2,6,3,2,2,2,2,6,6,3,2,6,2,2,2,6,2,6,6,2,2,2,3,2,2,2,2,2,2,2,2,2,2,2,2,6,2,2,3,2,2,3,2,6,2,1,2,2,3,3,3,6,3,2,2,2,2,2,2,2,2,2,6,2,6,3,6,2,2,6,6,2,2,6,2,6,6,6,2,2,6,3,2,3,3,2,2,2,3,2,2,3,6,2,6,2,2,2,3,3,6,2,2,6,2,2,3,2,2,2,2,2,6,2,2,3,2,2,2,2,2,3,6,6,2,2,3,3,2,2,3,6,2,2,2,2,6,2,2,2,6,2,2,2,2,2,2,2,2,2,6,2,2,2,2,2,6,2,2,6,2,2,6,2,2,2,2,3,2,3,2,3
0.28979,6,2,2,2,2,2,2,2,2,2,2,2,2,2,6,6,3,3,2,6,2,2,2,2,2,6,2,2,3,2,2,2,6,6,3,6,3,2,2,2,3,2,2,3,2,2,2,2,6,2,2,6,3,6,3,2,2,2,2,2,2,2,2,2,2,2,2,2,6,2,2,3,2,3,3,6,2,2,3,2,2,3,6,3,3,3,6,2,6,2,3,2,2,2,6,6,2,2,6,6,2,2,3,6,2,2,2,3,6,2,6,3,3,2,6,2,2,6,6,2,3,3,6,6,3,3,2,6,3,2,2,3,3,6,2,6,3,2,6,2,6,2,3,2,2,3,3,2,3,2,2,2,2,2,3,6,2,2,3,6,6,2,2,3,6,6,2,2,2,2,2,2,2,6,2,2,3,2,2,2,2,3,2,3,2,3,2,1,6,2,3,3,2,2,2,6,6,6,3,2,3,3,6,2,3
0.37378,3,3,2,2,2,6,3,2,2,2,2,2,2,2,2,2,3,3,3,2,2,2,2,3,2,2,2,3,2,2,2,3,6,2,2,2,3,2,2,2,2,3,6,3,2,2,2,2,6,2,6,3,2,3,2,6,2,2,2,3,2,2,2,2,2,2,3,3,6,2,2,3,2,2,3,2,3,3,3,3,2,2,3,3,3,3,3,2,2,2,6,2,2,2,3,6,2,3,1,2,2,2,2,3,2,2,2,2,6,2,6,2,2,2,3,2,2,3,3,2,6,3,3,2,3,3,2,6,2,2,2,3,3,6,6,2,3,2,3,2,2,3,3,2,3,3,6,3,3,2,2,2,2,2,3,6,2,3,6,2,2,2,3,3,3,2,2,2,2,3,2,2,2,6,2,2,2,2,2,2,3,2,2,3,2,2,2,2,3,2,2,3,3,2,2,2,2,3,2,6,2,3,3,2,3
0.21429,3,2,2,2,2,2,3,2,2,2,2,3,2,3,3,2,3,3,2,2,2,2,2,3,2,2,2,3,2,2,2,3,3,2,2,3,3,2,6,6,6,6,2,3,2,2,2,2,6,2,2,3,3,2,3,2,2,2,2,3,3,2,2,2,2,2,2,2,6,3,2,2,2,2,2,2,3,6,3,3,2,3,3,2,3,3,2,3,3,2,2,2,2,3,2,2,2,2,3,2,2,2,2,3,2,2,6,2,6,2,6,2,6,2,3,2,2,2,3,2,2,3,2,2,3,3,2,6,2,3,2,3,3,6,2,3,3,2,2,6,2,3,2,3,3,3,2,2,2,2,2,2,2,2,3,2,2,2,3,2,3,2,3,3,2,2,2,2,6,2,2,2,2,6,3,2,2,2,2,2,3,3,3,2,2,2,2,3,2,2,6,2,3,2,2,2,3,2,3,2,2,2,3,2,3
0.33318,3,2,2,2,2,2,6,2,2,2,2,3,2,2,3,3,3,6,2,2,2,2,2,2,2,2,2,6,6,2,3,2,2,2,3,2,3,2,6,3,2,2,2,2,2,2,2,2,6,2,2,2,2,2,3,2,2,2,2,2,2,2,2,2,2,2,2,2,6,2,2,2,2,6,3,2,6,6,3,3,2,2,3,6,3,3,2,2,2,2,3,2,2,2,2,2,2,2,3,2,2,2,2,6,2,2,2,6,3,2,2,3,2,2,3,2,3,3,2,2,2,3,3,2,2,3,2,6,6,3,3,3,3,3,2,2,3,2,3,2,2,3,3,2,2,3,2,2,3,2,2,2,2,3,3,2,3,3,2,2,2,2,2,3,3,2,2,2,2,2,2,2,2,6,2,3,2,2,2,2,2,2,3,3,2,2,2,2,6,2,2,2,3,2,2,2,3,2,2,2,3,6,3,2,3
0.66551,3,2,3,2,2,2,2,2,2,2,2,2,2,2,3,2,3,3,2,2,2,2,2,3,2,2,2,6,6,3,3,2,2,2,2,2,3,2,2,6,2,2,2,2,2,2,2,2,3,2,2,2,6,2,2,2,2,2,2,2,3,2,2,2,2,2,2,2,3,2,3,2,2,3,3,2,2,3,2,2,2,3,3,2,3,3,2,2,2,2,2,2,2,2,2,3,2,6,3,2,2,2,2,3,3,2,6,2,3,2,3,6,2,3,2,2,3,3,2,2,2,3,2,2,3,3,2,2,2,2,3,3,3,3,2,3,3,2,2,2,3,2,2,3,2,3,3,2,3,2,2,2,2,6,3,6,2,2,2,2,2,2,2,2,3,2,2,2,6,2,2,2,2,6,2,2,2,2,3,2,2,2,3,3,2,6,2,2,6,2,2,2,2,2,2,6,2,2,2,2,2,2,3,2,3
0.39859,3,2,2,2,2,3,2,2,2,2,2,6,1,2,2,3,3,3,2,2,2,2,2,2,3,2,2,6,2,2,2,3,6,3,2,2,3,2,2,2,6,3,3,3,2,2,2,2,3,2,2,3,3,2,3,6,2,2,6,2,2,2,2,2,2,2,2,2,3,2,3,6,2,3,2,2,3,3,3,2,2,3,6,3,2,3,2,2,2,2,3,2,2,2,2,6,2,2,3,3,2,2,3,2,3,2,2,2,2,2,3,2,2,2,3,2,2,1,2,2,3,3,2,3,2,3,2,2,2,2,2,3,3,3,2,2,2,3,3,2,3,2,2,2,3,3,3,2,2,2,2,2,2,2,3,6,3,3,2,3,3,6,3,2,3,2,2,2,2,2,2,2,2,2,2,2,2,2,3,2,2,3,3,3,2,2,2,2,2,2,2,3,3,2,2,2,3,2,3,2,3,6,3,2,3
0.30945,3,2,3,2,2,3,2,2,2,2,2,3,3,2,3,2,6,3,2,2,2,2,2,3,3,2,2,2,2,2,6,2,2,2,3,2,3,2,3,3,3,3,2,2,2,2,2,2,3,2,2,3,2,3,2,2,2,2,2,3,2,2,2,2,2,2,3,2,3,2,3,3,2,3,3,2,3,2,3,3,2,3,3,2,2,3,2,2,3,2,6,6,2,3,2,6,2,3,3,2,2,2,3,2,3,2,3,3,2,6,3,2,2,2,3,2,2,2,3,2,3,3,2,2,3,3,2,2,2,3,2,3,3,3,2,3,3,3,2,2,2,2,2,2,2,3,2,2,2,2,2,2,2,3,3,2,3,2,2,2,3,2,3,3,3,3,2,3,3,3,2,2,2,2,2,3,3,2,6,2,2,2,2,2,2,3,2,3,2,2,3,2,2,2,2,2,2,2,2,2,3,6,3,2,3
0.74431,3,3,3,2,2,2,3,2,2,2,2,2,2,2,2,2,3,3,3,2,2,2,2,2,2,2,2,6,2,3,3,3,3,2,6,2,3,2,2,6,2,2,3,6,2,2,2,2,3,2,2,2,2,3,2,6,2,3,2,2,2,2,2,2,2,2,2,3,3,2,2,3,2,2,3,3,6,2,3,3,2,2,3,3,3,3,3,2,3,2,3,6,2,2,2,2,2,2,3,2,2,2,6,3,3,2,2,2,3,2,3,3,3,3,2,2,2,3,2,2,2,3,3,2,3,3,2,2,3,3,2,3,3,2,3,2,3,2,3,3,2,2,3,3,2,3,3,2,2,3,2,2,2,2,3,6,3,2,3,3,2,2,2,3,2,2,2,3,2,2,2,2,2,2,2,2,2,2,2,2,2,3,3,3,2,6,2,3,2,2,2,2,3,2,2,3,3,3,2,2,2,2,3,3,3
0.2265,3,2,3,2,2,3,3,2,2,2,2,2,2,2,2,3,2,3,2,2,2,2,2,2,2,2,2,3,2,6,2,3,3,1,3,3,3,2,2,6,2,3,2,2,2,2,2,2,3,2,2,3,2,3,2,2,2,3,3,3,2,2,2,2,2,2,3,2,3,3,3,2,2,3,3,3,2,3,3,3,2,2,3,3,3,3,2,2,2,2,3,2,2,3,2,2,2,3,3,3,2,2,3,2,3,2,2,3,3,2,3,3,3,3,3,2,3,3,2,2,2,3,2,2,3,3,2,3,2,2,2,3,3,3,2,2,3,2,3,2,3,3,2,2,2,3,2,6,2,2,2,2,2,2,2,2,2,2,6,2,2,2,2,3,2,3,2,2,3,3,2,2,2,2,2,3,6,2,2,2,2,2,2,3,2,2,2,2,2,2,3,2,3,2,2,3,2,3,3,3,3,2,3,2,3
0.1049,3,3,2,2,2,2,3,2,2,2,2,3,3,2,3,2,3,3,3,2,2,2,2,3,2,2,2,3,3,2,2,6,2,2,2,3,3,2,2,2,2,3,2,3,3,2,2,2,3,2,2,2,2,3,2,3,2,2,2,2,2,2,2,2,2,2,2,3,3,2,3,2,2,3,3,3,2,2,2,6,2,3,3,3,3,3,3,2,2,2,3,2,2,3,3,2,2,3,3,3,2,2,3,2,3,2,2,2,3,2,3,2,2,6,2,2,2,2,3,3,2,3,2,2,2,2,2,3,2,3,2,3,3,6,2,3,3,2,2,3,3,2,2,3,3,3,3,2,2,2,2,2,2,3,3,2,6,3,2,2,3,3,3,3,3,2,2,2,6,2,2,2,2,3,3,3,2,2,3,2,3,2,3,3,2,2,2,2,2,2,3,2,6,2,2,3,2,6,2,2,3,3,3,3,2
0.32217,3,2,3,2,2,2,2,2,2,2,2,3,2,3,3,2,3,3,2,2,2,2,2,3,2,2,2,3,3,3,3,2,2,2,3,2,3,2,3,2,2,2,2,3,3,2,2,2,3,2,2,3,2,3,3,3,2,2,3,2,3,2,2,2,2,2,2,3,3,3,3,2,2,3,3,2,2,3,3,3,2,2,3,3,3,3,2,3,3,2,3,3,2,3,2,6,2,2,3,2,2,2,6,2,3,2,3,3,3,3,3,2,2,2,3,2,3,3,2,2,2,3,3,2,3,3,2,3,2,2,2,3,3,3,3,2,3,3,3,2,2,3,3,2,3,3,3,2,2,2,2,2,2,2,3,6,3,3,3,3,3,3,3,3,2,3,2,2,2,2,2,2,2,3,2,2,3,2,3,2,3,2,2,2,2,2,2,2,3,2,3,3,3,2,2,2,2,3,2,3,3,3,2,3,3
0.29495,3,3,3,2,2,2,2,2,2,2,2,2,3,3,2,6,3,2,2,2,2,2,2,3,2,2,2,3,2,2,3,3,2,2,3,2,3,2,2,2,2,3,2,2,2,2,2,2,3,2,2,3,3,2,2,2,2,2,3,3,2,2,2,2,2,2,3,3,3,2,3,3,2,3,3,2,2,2,3,2,2,3,3,3,3,3,3,2,2,2,3,2,2,3,3,6,2,2,3,2,2,2,3,3,2,2,3,3,3,2,3,2,2,3,3,2,2,2,2,2,2,3,2,2,3,3,2,3,2,2,2,3,3,3,2,3,3,2,3,2,3,2,2,3,2,3,3,2,3,2,2,2,2,2,3,3,3,2,2,3,2,3,3,6,2,2,2,2,3,2,2,2,2,3,3,2,1,2,3,2,3,3,2,3,2,3,2,3,3,2,2,3,2,2,2,2,3,3,2,3,3,3,3,3,3
1.063,3,2,3,2,2,2,2,2,2,2,2,2,3,3,3,2,3,3,2,3,2,2,2,2,3,2,2,2,2,3,2,2,3,2,2,2,2,2,6,2,1,3,2,2,2,2,2,2,3,2,3,3,3,3,2,2,2,2,3,2,2,2,2,2,2,2,3,2,3,3,3,2,2,3,3,2,2,3,2,2,2,3,3,3,2,3,2,2,2,2,3,2,2,2,2,3,2,3,3,3,2,2,3,6,3,2,2,3,3,2,3,3,3,3,3,2,3,2,3,3,2,3,2,2,3,3,2,3,3,3,3,3,3,3,2,2,3,3,2,2,3,2,3,2,2,3,2,3,3,2,2,2,2,3,3,3,2,3,2,2,2,3,3,3,2,3,2,3,2,6,2,2,2,3,2,3,3,2,3,2,3,3,2,2,2,3,2,2,2,2,2,3,2,2,3,2,2,2,3,2,3,2,2,2,3
0.37943,3,2,2,2,2,2,3,2,2,2,2,3,3,2,2,2,3,3,3,2,2,2,2,3,2,2,2,4,3,2,3,2,2,3,2,2,3,2,3,3,3,2,2,3,3,2,2,2,3,2,3,3,3,3,3,2,3,3,2,3,2,2,2,2,2,2,3,3,3,3,3,3,2,3,3,3,6,2,3,2,2,3,3,3,3,3,2,2,2,2,3,3,2,3,3,6,2,2,3,3,2,2,3,2,3,2,2,3,3,2,3,3,3,2,3,2,3,3,3,3,2,3,3,2,2,3,2,3,2,2,3,3,3,3,3,2,2,3,3,2,3,3,2,2,2,3,3,3,2,2,2,2,2,2,2,3,2,6,2,2,3,2,3,3,3,2,2,3,2,6,2,2,2,3,3,2,3,2,2,2,3,2,2,2,2,2,2,3,3,2,2,2,3,2,6,2,3,2,3,2,3,3,3,2,3
0.19086,3,3,2,2,2,2,3,2,2,2,2,2,3,3,2,2,3,6,2,2,2,2,2,3,2,2,2,2,3,3,3,2,6,3,3,2,3,2,2,2,3,3,3,2,3,2,2,2,3,2,2,2,2,3,3,2,3,2,2,2,2,2,2,2,2,2,3,3,3,3,3,3,2,3,3,2,2,3,3,2,2,3,3,3,3,3,3,2,2,2,2,2,2,3,2,6,2,3,2,3,2,2,2,2,2,2,3,2,3,2,3,3,3,2,3,2,2,2,3,3,2,3,3,6,2,3,2,3,3,2,2,3,3,6,2,2,2,2,3,2,3,2,2,3,2,3,2,2,2,2,2,2,2,3,3,6,1,2,2,2,3,2,2,3,2,2,2,2,2,2,2,2,2,3,3,3,3,2,3,2,3,2,2,2,2,2,2,2,3,3,3,3,3,2,3,3,3,3,3,3,3,3,2,3,3
0.44403,3,2,2,2,2,3,2,2,2,2,2,3,2,3,2,3,3,3,2,3,2,2,2,2,2,2,2,3,3,2,2,3,2,3,2,2,3,2,2,2,3,2,3,2,3,2,2,2,3,2,3,2,3,2,2,3,3,2,3,2,3,2,2,2,2,2,2,2,3,2,3,3,2,3,3,2,2,2,3,2,2,3,3,3,3,3,2,2,2,2,3,3,2,3,3,6,2,2,2,3,2,2,3,2,2,2,3,2,3,2,3,3,2,2,3,2,2,2,3,3,2,3,2,2,2,3,2,3,3,3,3,3,3,3,2,2,3,2,2,2,2,2,2,2,3,3,2,3,2,2,2,2,2,3,2,3,2,2,2,3,2,3,3,3,2,3,2,6,2,2,2,2,2,3,2,3,2,2,3,2,3,3,2,3,2,2,2,2,2,3,2,3,2,2,2,3,3,2,2,2,3,2,3,2,2
0.70502,3,2,2,2,2,3,3,2,2,2,2,3,3,2,2,2,3,3,2,2,2,2,2,2,2,3,2,3,2,3,2,3,2,2,2,3,3,2,2,2,3,3,2,2,2,2,2,2,3,2,2,3,2,2,2,2,2,2,2,2,2,2,2,2,2,2,3,2,3,2,3,2,2,3,2,2,2,2,3,2,2,2,3,3,2,3,2,3,3,2,2,2,2,2,3,3,2,3,3,2,2,2,2,3,2,2,3,2,3,3,3,6,2,2,3,2,3,2,2,3,3,3,2,2,2,2,2,3,2,2,3,3,3,3,3,2,3,2,3,3,2,3,2,2,2,3,3,2,2,2,2,2,2,3,2,6,2,3,2,2,3,2,3,2,2,3,2,3,2,3,2,2,2,3,2,6,2,2,3,2,2,2,3,2,2,2,2,2,2,3,3,2,3,2,2,2,2,2,2,2,3,2,3,2,2
0.82558,3,3,2,2,2,3,2,2,2,2,2,2,2,2,2,3,3,3,3,2,2,2,2,2,2,2,2,3,3,2,2,2,3,2,2,1,3,2,2,2,2,2,3,2,2,2,2,2,3,2,2,2,3,2,2,3,3,3,3,3,2,2,2,2,2,2,2,2,3,2,2,3,2,3,3,3,2,2,6,3,2,2,3,3,2,3,2,3,3,2,3,2,2,3,3,3,2,3,3,3,2,2,2,2,2,2,2,2,2,2,3,2,2,2,2,2,2,3,2,2,2,3,3,2,3,3,2,3,2,3,2,3,3,2,2,3,3,2,2,3,2,3,3,2,2,3,2,2,2,2,2,2,2,2,2,3,2,3,3,2,2,3,2,2,3,2,2,3,3,2,2,2,2,3,3,2,2,2,3,2,2,3,2,2,2,2,2,2,2,3,2,3,2,2,3,2,3,3,3,3,3,2,3,3,3
1.0972,3,2,2,2,2,2,3,2,2,2,2,2,2,2,2,3,3,3,3,2,2,2,2,2,2,3,2,2,3,2,2,3,3,2,3,2,2,2,3,2,2,2,3,3,2,2,2,2,2,2,2,2,3,2,2,2,2,2,2,2,3,2,2,2,2,2,2,2,3,2,3,2,2,3,2,3,2,2,2,2,2,3,3,2,3,3,2,3,2,2,3,2,2,2,3,3,2,3,3,3,2,2,3,2,3,2,2,2,3,2,2,3,2,2,3,2,3,3,3,3,3,3,2,2,2,3,2,3,2,2,3,3,3,2,2,2,3,3,3,2,2,3,3,3,2,3,2,2,2,2,2,2,2,3,3,3,3,2,3,3,2,3,2,3,3,1,2,2,2,2,2,2,2,3,3,2,2,2,2,2,4,3,2,3,2,2,2,2,3,3,3,2,3,2,2,2,2,2,3,2,3,3,3,3,3
0.17482,3,2,2,2,2,3,3,2,2,2,2,2,3,3,2,2,3,2,2,2,2,2,2,2,2,3,2,3,3,3,2,2,2,3,2,2,3,2,2,2,2,2,3,3,2,2,2,2,3,2,2,2,3,2,3,2,2,2,4,2,2,2,2,2,2,2,3,3,3,2,3,2,2,3,3,3,3,3,3,2,2,3,3,4,3,3,3,3,2,2,3,2,2,3,2,3,2,3,3,2,2,2,2,2,3,2,2,2,3,5,3,2,3,3,3,2,2,2,2,3,3,3,3,2,5,3,2,3,2,3,2,3,3,3,2,3,3,2,3,4,3,2,4,2,3,3,3,3,3,2,2,2,2,3,3,3,2,3,3,2,2,3,2,2,2,3,2,2,2,2,2,2,2,3,3,2,2,2,3,2,3,2,2,2,2,2,2,2,3,2,3,3,2,2,2,2,2,4,2,3,2,3,3,3,3
0.62259,3,2,2,2,2,4,2,2,2,2,2,2,2,3,2,2,3,3,2,2,2,2,2,3,3,2,2,3,2,3,2,2,2,3,3,3,3,2,2,3,3,2,2,3,2,2,2,2,3,2,2,2,2,2,2,2,2,2,3,3,2,2,2,2,2,2,2,3,3,2,3,3,2,3,3,4,2,3,3,2,2,3,3,3,3,3,3,2,3,2,2,2,2,5,2,3,2,2,3,4,2,2,2,2,2,2,2,2,3,2,3,3,2,2,2,2,2,2,3,3,2,3,3,3,3,3,2,3,2,2,2,3,3,3,3,2,3,2,3,2,2,2,3,3,2,3,3,2,3,2,2,2,2,2,3,3,2,2,3,2,3,3,2,3,2,3,2,2,2,3,2,2,2,3,2,3,2,2,3,2,3,3,3,2,2,4,2,2,2,3,2,2,3,2,4,3,2,2,2,3,3,3,3,3,3
0.93116,3,2,3,2,2,3,2,2,2,2,2,2,3,3,3,2,3,3,2,2,2,2,2,2,2,2,2,2,2,2,3,2,3,2,2,2,3,2,3,2,3,2,3,2,3,2,2,2,3,2,2,2,2,2,2,2,2,3,3,2,2,2,2,2,2,2,3,3,3,3,3,2,2,3,3,3,3,3,3,3,2,2,3,3,3,3,2,3,2,2,3,4,2,3,3,3,2,3,3,2,2,2,3,2,3,2,2,3,3,3,3,2,2,2,2,2,3,3,3,3,3,3,2,2,3,2,2,3,2,3,2,3,3,3,2,3,3,2,2,3,2,2,2,3,3,3,2,3,3,2,2,2,2,3,2,3,2,2,2,2,2,3,3,3,2,3,2,3,3,3,2,2,2,3,3,2,3,2,2,2,3,2,3,1,2,2,2,2,2,3,2,3,2,2,2,2,3,2,3,3,3,2,3,3,3
0.31188,3,2,3,2,2,2,2,2,2,2,2,2,2,3,2,2,3,3,2,2,2,2,2,2,3,3,2,2,3,3,2,1,2,3,3,2,3,2,2,3,2,2,2,2,2,2,2,2,3,2,2,2,2,3,2,3,2,3,3,2,3,2,2,2,2,2,4,3,3,3,3,2,2,3,2,2,3,3,3,3,2,2,3,3,3,3,2,3,3,2,3,2,2,2,2,3,2,2,3,3,2,2,2,2,2,2,2,2,3,2,3,3,2,3,3,2,2,2,3,3,2,3,3,2,3,3,2,3,3,2,2,3,3,3,2,3,3,2,2,2,3,3,3,2,2,3,2,2,2,2,2,2,2,2,3,3,3,2,2,3,2,3,3,3,2,2,2,3,2,2,2,2,2,2,2,2,3,2,2,2,3,2,3,3,2,3,2,2,2,2,2,3,3,2,2,3,2,3,3,3,3,2,3,3,3
0.44785,3,2,2,2,2,3,3,2,2,2,2,2,2,3,3,2,3,2,3,2,2,2,2,3,3,2,2,2,2,2,3,3,2,3,3,2,2,2,2,3,3,2,2,2,3,2,2,2,3,2,2,3,2,2,3,2,2,3,3,3,3,2,2,2,2,2,2,3,3,2,3,2,2,3,3,2,3,3,3,2,2,3,3,3,3,3,2,2,3,2,3,2,2,2,2,2,2,2,3,3,2,2,3,2,3,2,3,3,3,2,3,3,2,2,3,2,2,2,3,3,3,3,3,2,3,3,2,2,2,2,3,3,3,3,3,3,3,2,2,2,3,3,2,2,2,3,2,2,3,2,2,2,2,3,3,3,3,2,3,2,2,3,3,3,2,2,2,2,2,3,2,2,2,2,2,3,3,2,3,2,3,2,3,2,2,3,2,3,2,2,2,3,2,2,2,2,2,3,3,3,3,2,3,3,3
0.38528,3,2,3,2,2,3,3,2,2,2,2,2,2,3,2,2,3,2,3,2,2,2,2,3,2,2,2,2,2,2,2,2,2,3,3,2,2,2,2,3,2,2,2,2,3,2,2,2,3,2,2,2,2,2,2,3,3,3,3,2,2,2,2,2,2,2,3,3,3,2,3,3,2,3,2,2,3,3,2,2,2,3,3,3,2,3,2,3,2,2,2,2,2,3,2,3,2,3,3,2,2,2,2,3,2,2,2,2,2,2,3,2,3,2,3,2,2,2,3,2,3,3,2,3,2,3,2,3,2,2,2,3,3,3,3,2,3,3,2,2,2,2,2,2,2,3,2,2,3,2,2,2,2,2,2,2,3,2,3,2,2,3,3,3,2,2,2,2,2,3,2,2,2,2,2,3,2,2,3,2,3,2,2,2,2,2,2,2,2,2,3,2,2,2,3,2,3,2,3,3,3,3,3,3,3
0.3783,3,3,3,2,2,3,3,2,2,2,2,3,3,2,2,3,3,3,3,2,2,2,2,2,2,2,2,3,2,2,3,2,2,2,3,3,3,2,2,2,3,2,2,3,3,2,2,2,3,2,2,3,3,3,2,3,2,2,3,2,2,2,2,2,2,2,3,3,3,3,3,3,2,3,2,2,2,2,2,2,2,2,3,3,3,3,2,2,2,2,2,3,2,2,3,2,2,2,3,2,2,2,2,2,3,2,2,2,3,2,3,2,2,2,2,2,2,3,2,2,2,3,2,2,3,3,2,3,3,2,2,3,3,3,2,2,3,3,2,2,2,2,3,3,2,3,3,3,2,2,2,2,2,2,3,2,2,2,3,2,3,3,3,3,2,3,2,2,2,2,2,2,2,2,2,2,2,2,2,2,3,3,3,3,2,2,2,2,3,2,2,2,2,2,2,2,2,3,2,3,2,3,3,3,2
0.616,3,3,2,2,2,2,3,2,2,2,2,2,2,3,2,2,3,2,2,2,2,2,2,3,2,3,2,2,2,2,2,2,2,3,2,2,2,2,2,2,2,2,3,3,2,2,2,2,3,2,2,2,3,3,2,3,2,2,3,2,2,2,2,2,2,2,3,3,3,2,3,2,2,3,2,2,2,1,2,2,2,2,3,3,3,3,2,2,3,2,3,2,2,2,3,2,2,2,2,3,2,2,3,2,2,2,2,2,3,2,3,3,2,2,3,2,3,2,3,2,3,3,2,2,3,2,2,2,2,2,3,3,3,3,3,3,3,3,2,2,3,3,2,2,3,3,2,2,3,2,2,2,2,2,2,2,3,2,3,2,3,3,3,3,3,2,2,2,2,2,2,2,2,2,2,2,2,2,3,2,3,2,2,2,2,2,2,3,2,3,2,2,3,2,2,2,2,2,3,3,3,2,3,3,1
0.70933,3,2,2,2,2,2,2,2,2,2,2,3,3,3,3,3,3,2,2,2,2,2,2,2,2,2,2,2,2,3,2,2,2,2,2,2,2,2,3,2,2,2,3,2,3,2,2,2,3,2,2,2,2,3,2,2,2,3,3,3,2,2,2,2,2,2,2,3,3,3,3,3,2,3,3,2,3,2,3,3,2,3,3,3,3,2,2,3,2,2,2,3,2,3,2,2,2,3,3,3,2,2,3,4,3,2,2,3,2,2,3,3,3,2,3,2,2,2,3,3,2,3,3,3,3,3,2,2,3,3,3,3,3,3,2,2,3,2,2,1,2,2,3,2,3,3,3,2,2,2,2,2,2,2,3,2,3,3,2,2,3,3,2,3,3,2,2,2,3,2,2,2,2,2,2,3,2,2,3,2,2,2,2,2,2,3,2,2,3,2,2,3,3,2,2,2,3,2,3,3,2,3,3,3,3
0.475,3,3,3,2,2,3,3,2,2,2,2,2,3,2,2,2,3,2,2,2,2,2,2,2,3,2,2,3,2,2,2,2,3,2,2,2,2,2,3,2,2,2,3,3,3,2,2,2,3,2,2,3,2,3,2,2,2,3,3,3,2,2,2,2,2,2,2,2,3,3,3,2,2,3,3,2,3,3,3,3,2,3,3,3,3,3,3,3,3,2,3,3,2,3,2,2,2,2,3,3,2,2,2,2,2,2,3,2,3,2,3,2,2,3,3,2,3,3,3,2,2,3,2,3,3,3,2,2,2,2,2,3,3,3,3,3,3,3,3,3,2,3,2,3,3,3,3,2,3,2,2,2,2,3,3,2,2,3,3,2,3,2,2,3,3,3,2,2,3,2,2,2,2,2,2,2,2,2,2,2,2,2,2,3,2,2,2,3,2,2,2,2,2,2,2,2,2,3,2,2,3,2,3,3,2
0.064069,3,2,3,2,2,2,2,2,2,2,2,2,2,3,3,3,3,2,3,2,2,2,2,3,3,2,2,2,2,3,2,2,2,3,3,3,3,2,3,3,2,2,2,2,2,2,2,2,3,2,2,2,3,3,2,2,3,3,2,3,3,2,2,2,2,2,3,2,3,2,3,3,2,3,2,3,3,2,2,3,2,3,3,3,3,3,2,2,2,2,3,3,2,2,2,2,2,3,3,3,2,2,3,2,2,2,3,3,3,2,3,3,3,2,3,2,3,2,2,3,2,3,3,2,3,3,2,3,3,2,2,3,3,3,3,2,3,2,3,2,3,3,3,3,3,3,3,2,2,2,2,2,2,2,3,2,2,2,3,2,2,2,3,3,2,2,2,3,2,2,2,2,2,2,3,2,2,2,3,2,3,2,3,2,2,3,2,2,2,3,3,2,3,2,3,3,3,2,3,3,3,3,3,3,3
0.27535,3,2,2,2,2,2,2,2,2,2,2,3,3,2,2,2,3,3,3,2,2,2,2,3,3,2,2,2,2,2,2,2,2,2,2,3,3,2,3,2,3,2,2,2,2,2,2,2,3,2,2,2,2,2,3,3,2,3,2,2,2,2,2,2,2,2,2,3,3,2,3,3,2,3,3,2,2,2,3,2,2,3,3,2,3,3,3,3,2,2,2,2,2,3,2,2,2,3,3,3,2,2,2,2,3,2,3,3,3,2,3,3,3,2,3,2,3,2,3,3,3,3,2,2,3,3,2,2,3,3,2,3,3,3,3,3,3,3,3,2,3,3,2,2,3,3,2,2,3,2,2,2,2,2,3,2,3,2,3,3,2,3,3,3,3,2,2,2,2,3,2,2,2,2,3,2,2,2,3,2,3,3,3,2,2,2,2,2,2,2,2,2,3,2,2,2,2,2,2,3,3,2,3,3,3
0.27183,3,2,2,2,2,2,2,2,2,2,2,2,3,2,2,2,3,3,2,2,2,2,2,3,2,3,2,3,2,3,2,2,3,2,2,2,3,2,3,2,2,3,2,2,2,2,2,2,3,2,2,2,3,3,2,2,2,2,3,2,2,2,2,2,2,2,2,3,3,2,3,2,2,3,3,2,2,2,3,3,2,3,3,3,3,3,2,2,2,2,2,2,2,3,2,2,2,2,2,3,2,2,3,2,2,2,2,2,3,2,3,2,3,2,3,2,3,2,3,2,2,3,2,2,3,3,2,2,3,2,2,3,3,3,2,2,3,3,3,2,3,3,2,2,2,3,2,2,3,2,2,2,2,2,3,2,2,2,3,3,2,3,3,2,3,3,2,2,3,2,2,2,2,2,2,2,2,2,3,2,3,2,2,3,2,2,2,3,2,2,2,2,2,2,2,2,3,3,3,3,3,3,2,3,3
0.12296,3,3,3,2,2,3,2,2,2,2,2,2,2,3,3,2,3,2,2,2,2,2,2,2,3,2,2,3,2,2,3,3,2,2,3,3,2,2,3,2,2,3,2,3,2,2,2,2,3,2,2,2,3,2,2,3,3,2,3,3,2,2,2,2,2,2,2,3,3,2,3,3,2,3,3,3,2,3,3,3,2,3,3,3,3,3,2,2,3,2,3,2,2,3,2,2,2,2,3,2,2,2,3,2,3,2,2,3,3,3,3,2,3,2,3,2,3,3,2,2,2,3,2,2,3,3,2,2,3,2,3,3,3,3,2,3,3,2,2,3,2,3,3,2,3,3,2,2,2,2,2,2,2,3,3,3,2,3,3,2,2,3,2,3,3,3,2,3,3,3,2,2,2,2,2,3,3,2,3,2,3,3,3,3,2,2,2,2,2,3,3,2,2,2,3,3,2,2,2,3,3,3,3,3,3
0.63638,3,2,2,2,2,3,2,2,2,2,2,2,3,3,2,3,3,3,2,2,2,2,2,3,3,3,2,2,3,3,3,3,2,2,3,3,3,2,3,2,3,3,2,3,2,2,2,2,3,2,2,3,3,3,2,3,3,2,3,2,3,2,2,2,2,2,2,3,3,3,3,3,2,3,3,3,2,3,3,3,2,3,3,3,3,3,2,3,2,2,3,2,2,3,2,2,2,2,3,2,2,2,3,2,2,2,3,2,3,3,3,2,2,2,3,2,2,3,2,3,3,3,3,2,2,3,2,3,2,3,3,3,3,3,3,3,3,3,2,3,3,3,3,3,3,3,2,2,3,2,2,2,2,3,3,2,2,2,3,2,2,3,3,3,3,3,2,3,2,3,2,2,2,2,3,2,3,2,3,2,3,2,3,2,2,3,2,3,1,3,3,3,2,2,3,3,3,2,2,3,3,2,3,3,3
0.77937,3,2,3,2,2,3,2,2,2,2,2,2,3,3,3,2,3,3,2,2,2,2,2,2,2,3,2,3,3,3,3,2,2,2,3,2,3,2,2,2,2,3,3,2,2,2,2,2,3,2,3,2,2,2,3,2,3,3,3,3,3,2,2,2,2,2,2,3,3,4,3,3,2,3,3,2,3,3,3,3,2,3,3,3,3,3,2,2,2,3,2,3,2,3,2,3,2,3,3,2,2,2,1,2,3,2,3,3,3,2,3,3,2,2,3,2,2,3,2,3,2,3,3,2,3,3,2,3,3,2,3,3,3,3,2,2,3,2,2,3,2,2,3,2,2,3,2,2,3,2,2,2,2,2,3,3,3,2,3,2,2,3,3,3,2,2,2,3,2,3,2,2,2,3,2,3,2,2,2,2,3,2,3,3,2,2,2,3,2,2,3,3,2,2,3,3,2,2,2,3,3,4,3,2,3
0.34764,3,2,3,2,2,3,2,2,2,2,2,2,3,3,2,3,3,3,2,2,2,2,2,2,3,3,2,3,2,2,2,3,3,3,3,2,5,2,2,2,2,3,2,3,3,2,2,2,3,2,2,2,2,2,2,2,2,2,2,2,3,2,2,2,2,2,2,3,3,2,3,3,2,3,3,2,2,4,3,3,2,3,3,3,3,3,3,2,2,2,2,2,2,2,2,3,2,3,2,2,2,2,3,3,2,2,3,2,3,2,3,2,2,3,3,2,3,3,2,3,2,3,2,2,2,3,2,3,2,2,3,3,3,3,3,2,3,3,2,2,2,2,3,2,2,3,2,2,3,2,2,2,2,4,3,3,2,2,2,2,2,3,3,2,2,3,2,2,3,3,2,2,2,3,2,2,2,2,2,2,3,2,3,3,2,3,2,2,2,2,2,2,3,2,3,2,3,2,2,2,3,2,3,2,3
0.080607,3,2,2,2,2,3,3,2,2,2,2,3,2,2,2,3,3,2,2,2,2,2,2,3,2,3,2,3,3,2,3,3,2,2,2,3,2,2,3,2,3,2,2,3,3,2,2,2,3,2,2,2,2,3,3,3,4,2,3,2,2,2,2,2,2,2,3,2,3,2,2,2,2,3,3,2,2,2,3,3,2,3,3,2,3,3,3,2,2,2,3,3,2,2,3,3,2,3,3,2,2,2,2,2,3,2,2,2,3,3,3,2,3,2,3,2,2,3,2,3,3,3,4,2,2,3,2,3,2,3,2,3,3,3,2,2,3,3,3,2,2,2,2,3,3,3,3,3,3,3,2,2,2,2,3,3,3,2,2,3,2,2,3,3,2,3,2,3,3,2,2,2,2,3,3,2,3,2,3,2,3,2,3,2,2,2,2,3,3,2,2,2,2,2,2,2,2,2,3,2,3,2,3,2,3
0.51851,3,3,3,2,2,2,3,2,2,2,2,2,3,3,2,3,3,2,2,2,2,2,2,3,3,2,2,3,3,2,3,3,3,2,3,3,3,2,3,2,2,2,2,2,3,2,2,2,3,2,2,2,3,3,2,4,3,2,3,2,3,2,2,2,2,2,2,2,3,2,3,3,2,3,3,3,3,3,2,2,2,3,3,3,3,3,3,3,3,2,3,3,2,2,3,3,2,2,3,2,2,2,2,3,2,2,2,2,3,2,3,3,2,4,3,2,3,2,2,3,3,3,3,2,2,3,2,3,2,2,2,3,3,3,2,2,2,3,3,3,2,2,2,3,3,2,2,2,2,2,2,2,2,2,3,3,3,3,3,2,2,3,3,2,3,3,2,3,3,2,2,2,2,3,3,2,2,2,3,2,3,2,3,2,2,2,2,2,2,3,3,2,3,2,3,2,2,2,3,2,3,2,3,2,3
0.99915,3,2,2,2,2,2,2,2,2,2,2,3,2,2,3,2,3,2,2,2,2,2,2,2,2,2,2,4,3,3,2,3,2,2,1,2,2,2,2,3,3,2,2,2,4,2,2,2,3,2,3,2,2,3,3,2,2,3,2,2,3,2,2,2,2,2,2,2,3,3,2,3,2,3,3,2,3,3,3,3,2,3,3,3,2,3,3,3,3,2,3,2,2,3,3,3,2,2,2,2,2,2,3,3,2,2,2,3,2,3,3,2,2,3,3,2,3,3,1,2,3,3,2,2,3,3,2,3,2,2,3,3,3,3,2,2,3,2,2,2,2,2,2,2,3,3,3,2,3,2,2,2,2,3,3,3,2,2,2,2,2,2,3,2,3,2,2,3,3,3,2,2,2,3,2,3,2,2,3,2,2,3,2,3,2,2,2,3,2,2,3,2,3,2,2,3,4,2,2,2,3,2,5,2,3
0.62113,3,2,2,3,2,2,3,2,2,2,2,2,3,4,2,2,2,3,2,2,2,2,2,3,3,3,2,4,3,2,3,2,2,2,2,2,3,2,3,3,2,3,3,3,3,3,2,2,3,2,3,3,3,3,3,2,2,3,2,2,3,2,2,2,2,2,3,2,3,3,3,2,2,3,3,2,3,3,3,2,2,3,3,2,3,3,2,2,3,2,2,2,2,2,3,3,2,2,4,2,2,2,3,2,2,2,2,2,3,3,3,2,3,3,3,2,2,2,3,2,2,3,2,2,2,3,2,3,2,4,2,3,3,3,2,2,3,2,3,2,2,2,2,3,3,3,3,3,2,2,2,2,2,2,3,3,3,3,3,4,2,3,2,3,2,3,2,2,2,2,2,2,2,3,3,3,2,2,2,2,2,2,2,3,2,3,2,2,3,2,4,3,2,2,2,2,4,2,3,4,3,2,3,2,3
0.22889,3,2,2,3,2,2,3,2,2,2,2,3,3,2,3,3,3,2,2,2,2,2,2,3,3,2,2,3,3,3,2,2,3,2,3,2,2,2,3,2,3,2,2,2,2,2,2,2,3,2,2,3,2,2,2,2,2,3,2,3,2,2,2,2,2,2,2,2,3,2,3,2,2,3,3,2,2,2,3,2,2,3,3,3,3,3,2,3,2,2,2,2,2,2,3,3,2,2,3,4,2,2,2,2,2,2,3,3,3,3,3,3,2,2,3,2,3,2,3,2,3,3,3,3,3,3,2,3,2,3,2,3,3,3,2,2,3,3,3,2,2,4,3,4,3,3,2,3,3,2,2,2,2,3,3,3,4,2,2,3,2,2,2,3,3,2,2,3,2,3,2,2,2,3,3,3,3,2,3,2,2,2,2,3,2,2,2,2,2,2,2,2,2,2,2,2,3,2,3,2,3,2,3,2,3
0.20806,3,2,2,2,2,3,3,2,2,2,2,2,2,2,2,2,3,3,2,3,2,2,2,2,2,3,2,3,4,3,2,2,3,3,2,2,3,2,2,2,2,3,3,2,2,2,2,2,3,2,2,3,2,3,3,4,3,3,2,3,2,2,2,2,3,2,2,3,3,2,3,2,2,3,3,3,4,2,3,3,2,3,3,3,3,3,2,3,3,2,3,3,2,2,3,2,2,2,3,2,2,2,2,2,3,2,4,2,3,2,3,2,4,2,3,2,2,2,4,3,2,3,3,2,3,3,2,3,2,2,2,3,3,3,2,2,3,3,3,3,2,3,3,3,2,3,3,2,2,2,2,2,2,2,3,4,3,2,2,2,2,2,2,3,3,2,2,2,3,3,2,2,2,4,3,2,2,2,2,2,2,3,3,3,2,3,2,2,2,2,3,2,2,2,2,3,3,3,2,3,2,2,3,2,3
0.19508,3,2,2,2,2,3,2,2,2,2,2,3,2,2,3,3,3,3,2,2,2,2,2,2,3,2,2,2,3,3,2,2,2,2,2,2,3,2,2,3,2,3,3,2,3,2,2,2,3,2,2,2,2,3,3,3,3,2,2,2,2,2,2,2,2,2,3,2,3,3,3,2,2,3,3,2,3,2,1,3,2,3,3,4,3,3,4,2,2,2,3,2,2,2,2,4,3,4,3,3,2,2,3,3,3,2,2,2,3,2,3,2,2,2,3,2,2,3,2,2,2,3,2,2,2,3,2,2,3,2,3,3,3,3,2,3,3,3,3,2,3,2,2,2,2,3,2,2,2,2,2,2,2,3,3,4,2,2,2,2,2,2,2,3,2,2,2,4,2,3,2,2,2,2,4,2,3,3,1,2,2,2,3,2,2,3,2,2,2,2,2,2,2,2,2,2,3,3,2,2,3,2,3,2,3
0.55175,3,3,2,2,2,3,2,2,2,2,2,2,2,2,2,2,3,3,2,2,2,2,2,2,3,2,2,2,2,2,2,2,3,3,2,2,2,2,2,3,2,2,1,2,2,2,2,2,3,2,2,2,3,4,3,2,2,2,3,2,1,2,2,2,2,2,2,2,3,3,3,2,2,3,1,2,2,2,3,2,2,3,3,3,3,3,3,2,2,2,4,2,2,2,2,4,2,2,3,2,2,2,3,3,2,2,2,2,3,3,3,2,2,2,3,2,3,3,2,2,2,3,3,2,2,3,2,2,3,2,2,3,3,3,2,2,3,2,3,3,2,2,2,2,4,3,2,2,2,2,2,2,2,3,3,2,2,3,3,2,2,2,3,3,2,3,2,3,1,3,2,2,2,2,2,3,4,2,2,2,3,2,2,2,2,2,2,2,3,2,3,3,2,2,2,4,4,2,2,3,3,3,3,3,2
0.41693,2,4,3,2,2,2,2,2,2,2,2,2,2,3,2,2,3,3,2,2,2,2,2,3,3,3,2,2,2,2,2,3,1,2,2,2,2,2,2,2,2,2,2,2,2,2,2,2,3,2,2,2,2,2,2,3,2,4,2,3,3,2,2,2,2,2,3,2,3,2,3,3,2,3,2,2,2,2,3,3,2,3,3,3,3,3,3,2,2,2,4,2,2,2,2,2,2,2,3,2,2,2,4,2,2,2,2,2,3,3,3,2,3,2,3,2,2,2,3,2,3,3,2,2,3,3,2,3,2,2,3,3,3,3,2,2,3,3,2,2,2,2,4,3,3,3,2,4,2,2,2,2,2,2,2,4,2,2,2,3,2,2,3,2,2,3,2,3,3,2,2,2,2,2,2,3,2,2,3,2,3,3,3,2,2,2,2,2,2,3,3,2,3,2,3,2,2,2,2,3,3,3,3,3,3
0.15672,3,2,2,2,2,2,2,2,2,2,2,2,3,3,2,2,3,2,3,2,2,2,2,2,2,3,2,2,2,3,3,2,2,2,2,2,3,2,2,2,3,3,2,2,2,2,2,2,3,2,2,2,2,2,2,2,3,2,2,3,3,2,2,2,3,2,2,2,3,2,3,2,2,3,3,4,3,2,2,3,2,3,3,3,2,3,2,2,2,3,2,2,2,2,2,4,2,3,3,2,2,2,2,3,2,2,3,2,3,2,3,2,2,2,2,2,3,3,3,2,3,3,3,2,3,2,2,3,3,3,3,3,3,3,2,2,3,3,2,2,3,2,2,3,2,2,2,3,2,2,2,2,2,2,2,4,3,2,3,3,2,3,2,3,2,2,2,2,2,2,2,2,2,3,2,3,2,2,3,2,2,2,2,2,2,2,2,2,3,3,3,2,2,2,2,2,2,3,2,3,3,2,3,3,3
0.905,3,2,2,2,2,3,2,2,2,2,2,2,2,3,3,2,3,3,2,2,2,2,2,2,3,3,2,2,2,2,2,2,3,3,2,2,3,2,3,2,2,2,2,2,2,2,2,2,3,2,3,3,2,2,2,2,2,2,3,3,3,2,2,2,3,2,2,3,3,2,2,3,2,3,2,2,2,2,3,2,2,2,3,3,3,3,3,3,2,2,3,2,2,3,2,4,2,3,3,2,2,2,2,2,2,2,2,2,3,2,3,2,3,2,2,2,3,2,2,2,3,3,2,2,3,2,2,3,2,2,2,3,3,3,3,3,3,2,2,2,2,3,2,2,2,3,2,2,2,2,2,2,2,2,2,4,3,2,4,2,3,3,2,2,2,2,2,3,3,3,2,2,2,2,2,3,2,2,2,2,3,3,3,3,2,2,2,2,2,2,2,3,3,2,3,2,2,2,2,3,3,2,3,3,2
0.57455,3,2,3,2,2,2,2,2,2,2,2,2,2,3,3,2,3,3,2,2,2,2,2,3,2,2,2,2,3,2,2,2,2,3,2,2,3,2,2,4,2,2,2,2,2,2,2,2,3,2,2,2,3,3,2,2,2,3,3,2,3,2,2,2,2,2,3,3,3,3,3,3,2,3,3,2,4,2,3,3,2,2,3,3,3,3,3,2,3,2,2,3,2,3,2,4,2,2,2,3,2,2,2,2,2,2,2,3,3,2,3,3,2,2,2,2,3,2,3,2,2,3,2,2,3,2,2,3,2,2,2,3,3,3,2,2,3,2,2,2,2,3,3,3,3,2,2,2,2,2,2,2,2,2,3,4,2,3,2,2,2,3,3,3,4,3,2,3,3,3,2,2,2,4,3,3,3,2,2,2,3,3,3,2,2,3,2,2,2,3,3,2,2,2,3,2,1,3,2,3,3,4,3,3,3
0.65617,3,3,3,2,2,2,3,2,2,2,2,2,2,3,3,1,4,2,2,2,2,2,2,3,4,2,2,3,2,2,2,2,3,2,2,2,2,2,2,3,2,2,3,2,2,3,2,2,3,2,2,2,2,2,3,3,3,3,3,3,3,2,2,2,2,2,3,2,3,2,3,2,2,2,2,3,4,2,3,3,2,2,4,3,2,3,2,2,2,2,2,2,2,3,2,1,3,3,3,2,2,2,2,3,2,2,2,3,3,2,3,3,2,2,3,2,2,3,2,3,3,3,2,4,3,3,2,3,2,3,2,3,3,3,2,2,3,2,2,3,2,2,2,2,2,3,4,2,3,2,2,2,2,2,3,1,3,2,2,2,3,2,3,3,2,3,2,2,2,3,2,2,2,3,2,3,3,2,3,2,2,2,3,3,2,2,2,2,3,2,3,2,2,2,3,3,2,3,2,3,2,2,3,3,3
0.22043,3,3,2,2,2,2,3,2,2,2,2,2,2,3,2,2,3,2,2,2,2,2,2,3,3,2,2,2,3,2,2,2,2,2,2,2,2,2,2,2,2,3,3,2,3,2,2,2,3,2,2,3,2,3,2,2,3,2,2,3,3,2,2,2,2,2,3,2,3,2,2,2,2,2,3,3,3,2,3,3,2,3,3,2,3,3,2,2,3,2,3,3,2,2,2,1,2,3,3,2,2,2,3,3,3,2,1,2,3,2,2,3,2,2,3,2,3,3,3,2,2,3,3,3,3,3,2,3,2,3,3,3,3,3,2,5,3,2,2,2,3,3,2,2,2,3,2,2,2,2,2,2,2,2,3,1,3,3,2,2,3,3,2,3,3,2,2,2,3,2,2,2,2,3,2,3,3,2,2,2,3,2,3,3,2,2,2,3,2,2,1,2,2,2,2,2,1,3,3,3,2,1,3,2,3
0.76488,3,3,3,3,2,2,3,2,2,2,2,3,2,3,2,2,3,2,2,2,2,2,2,3,2,2,2,3,3,2,2,1,3,3,2,2,3,2,3,3,3,5,2,2,2,2,2,2,2,2,2,2,2,3,2,3,3,2,3,2,2,2,2,2,2,2,3,1,3,2,1,2,2,2,3,3,3,3,2,2,2,3,3,3,1,3,3,3,1,2,2,3,2,3,1,1,2,2,3,2,2,2,3,3,2,2,3,2,3,2,3,2,2,3,3,2,2,3,2,3,2,3,2,3,3,3,2,3,3,3,2,3,3,3,2,3,3,3,1,2,2,1,2,2,3,3,3,2,2,2,2,2,2,2,3,1,3,3,3,3,3,3,3,3,3,3,2,2,2,1,2,2,2,3,2,2,2,2,3,2,3,2,2,3,2,3,2,2,2,2,3,2,2,2,2,2,2,2,3,2,3,2,3,3,3
0.40088,3,2,2,2,2,2,3,2,2,2,2,3,2,3,3,3,3,2,3,2,2,2,2,3,3,2,2,2,3,3,3,4,2,3,2,3,3,2,2,2,3,3,2,3,3,2,2,2,3,2,2,2,2,2,2,3,2,2,3,2,3,2,2,2,2,2,2,3,3,3,2,3,2,3,3,3,2,2,3,3,2,3,3,3,3,3,3,3,2,2,3,3,2,3,3,3,2,2,3,2,2,2,3,3,3,2,2,3,3,2,3,3,3,5,3,2,2,3,2,2,3,3,3,2,3,3,2,3,2,2,3,3,3,3,2,2,3,2,2,2,3,2,3,3,3,3,3,4,3,2,2,2,2,2,3,3,2,3,3,3,2,3,3,3,2,2,2,3,3,3,2,2,2,3,2,3,3,2,3,2,3,2,2,3,2,2,2,2,2,2,3,3,2,2,3,2,3,2,2,3,3,2,3,3,3
0.1829,3,3,2,2,2,3,3,2,2,2,2,3,3,3,2,3,3,3,3,3,2,2,2,1,2,2,2,2,3,3,2,2,3,2,2,2,3,2,3,2,2,2,3,3,2,2,2,2,3,2,2,2,2,2,2,2,2,3,3,3,3,2,2,2,2,2,2,3,3,2,3,2,2,2,3,2,2,2,3,3,2,3,3,3,3,3,2,3,2,2,3,2,2,2,3,3,2,3,3,2,2,2,3,2,3,2,3,3,3,3,3,2,3,2,3,2,2,3,3,3,2,3,2,2,3,3,2,3,3,2,2,3,3,3,3,2,3,2,2,2,3,2,2,2,2,3,2,2,3,2,2,2,2,2,3,3,3,2,3,3,2,3,3,3,3,3,2,2,2,3,2,2,2,3,2,2,2,2,3,2,3,3,3,2,2,3,2,2,3,3,3,3,3,2,3,3,3,3,2,3,2,3,3,3,3
0.51538,3,2,3,2,2,3,2,2,2,2,2,2,3,3,2,3,3,3,3,2,2,2,2,2,2,2,2,2,2,3,2,2,2,3,2,2,3,2,2,3,2,3,3,2,3,2,2,2,3,2,2,2,2,2,3,2,3,3,3,2,2,2,2,2,2,2,3,3,3,2,3,2,2,3,3,3,3,2,3,3,2,3,3,3,3,3,2,3,3,2,3,2,2,2,3,2,2,3,3,3,2,2,3,3,3,2,2,2,3,2,3,2,3,2,3,2,3,2,3,3,2,3,2,2,3,3,2,3,2,2,3,3,3,3,2,2,3,2,3,2,3,2,3,2,2,3,3,3,2,2,2,2,2,2,3,3,3,2,2,2,3,3,3,3,3,3,2,3,2,2,2,2,2,3,2,2,2,3,2,2,3,3,2,2,2,3,2,2,2,2,2,2,3,2,2,2,2,3,3,3,3,3,3,2,3
0.5547,3,2,2,2,2,2,3,2,2,2,2,3,2,3,3,2,3,2,3,2,2,2,2,2,3,2,2,3,3,2,3,3,3,3,3,2,3,2,2,2,3,2,2,2,2,2,2,2,3,2,2,2,3,3,2,3,2,2,2,2,2,2,2,2,2,2,3,3,3,3,2,3,2,3,3,3,2,2,3,2,2,3,3,3,3,3,3,3,3,2,2,3,2,2,3,3,2,2,3,3,2,2,3,3,2,2,2,3,3,2,3,3,3,2,3,2,3,3,2,2,3,3,3,3,2,3,2,3,2,2,2,3,3,3,3,3,3,3,3,2,2,3,3,3,3,3,3,2,3,2,2,2,2,3,3,3,3,3,2,2,3,2,3,3,3,2,2,2,3,2,2,2,2,3,3,3,2,3,3,2,3,2,2,3,2,2,2,3,2,3,3,2,2,2,2,2,2,2,2,2,3,3,3,3,3
0.48265,3,3,3,2,2,3,3,2,2,2,2,2,3,2,3,3,3,3,2,2,2,2,2,2,3,2,2,2,3,3,3,3,3,2,2,3,3,2,2,2,2,2,2,3,3,2,2,2,3,2,2,2,2,3,2,3,3,2,2,2,2,2,2,2,2,2,2,2,3,2,3,2,2,3,3,2,2,2,3,2,2,3,3,3,3,3,3,2,3,2,3,3,2,2,3,3,2,2,3,3,2,2,2,2,2,2,2,2,3,2,3,3,2,2,3,2,3,3,3,3,2,3,3,2,2,3,2,3,2,3,2,3,3,3,2,2,3,2,2,2,3,2,2,2,3,3,2,2,3,2,2,2,2,2,3,3,3,2,2,3,2,2,3,3,3,3,2,2,2,2,2,2,2,3,2,3,3,2,2,2,2,2,2,2,2,2,2,2,3,3,3,2,2,2,2,2,3,2,3,2,3,2,3,2,3
0.15358,3,2,2,2,2,2,3,2,2,2,2,2,2,2,2,3,3,2,2,2,2,2,2,2,2,3,2,2,3,3,3,3,2,3,2,2,3,2,3,3,2,2,2,2,2,2,2,2,3,2,2,2,2,2,3,2,3,2,2,2,3,2,2,2,2,2,2,3,3,2,3,2,2,2,3,3,2,3,2,3,2,3,3,3,3,3,2,3,3,2,2,2,2,2,3,3,2,2,3,3,2,2,2,2,3,2,2,3,2,3,3,3,2,2,3,2,2,2,2,2,3,3,2,2,3,3,2,3,3,3,3,3,3,2,3,2,3,3,2,2,3,2,2,2,3,3,3,2,3,2,2,2,2,2,3,3,2,2,2,2,2,2,2,3,3,2,2,3,2,2,2,2,2,3,2,2,3,2,2,2,2,2,3,2,2,2,2,2,3,2,3,3,3,2,3,3,3,3,2,3,3,2,3,3,3
0.4506,3,3,2,2,2,2,3,2,2,2,2,2,2,3,3,2,3,3,2,2,2,2,2,3,2,2,2,3,3,2,3,3,3,2,2,2,3,2,2,3,2,3,3,2,2,2,2,2,2,2,2,2,3,2,2,3,2,2,3,3,2,2,2,2,2,2,3,3,3,3,2,2,2,3,3,2,2,3,3,2,2,3,3,3,3,3,3,3,2,2,2,2,2,3,3,3,2,3,3,2,2,2,2,2,2,2,2,3,2,2,2,2,2,3,3,2,3,2,2,2,3,3,2,2,3,3,2,3,2,3,3,3,3,2,2,2,3,3,2,2,3,2,3,3,2,3,3,2,2,2,2,2,2,2,3,3,2,2,2,3,2,3,3,3,3,2,2,2,3,2,2,2,2,3,3,2,2,2,3,2,3,2,3,2,2,2,2,2,2,2,3,2,2,2,2,2,2,2,3,3,3,3,3,3,3
0.48756,3,2,2,2,2,2,2,2,2,2,2,3,2,3,2,3,3,3,2,2,2,2,2,3,2,2,2,3,2,2,3,3,2,3,2,3,3,2,3,2,2,3,2,2,2,2,2,2,3,2,2,3,3,3,2,3,2,2,3,2,2,2,2,2,2,2,2,2,2,3,2,2,2,3,3,2,2,2,3,2,2,3,3,2,3,3,2,2,3,2,2,2,2,2,2,3,2,3,3,2,2,2,2,3,2,2,2,2,2,2,2,3,2,2,2,2,3,3,2,2,3,3,2,2,2,3,2,3,2,3,2,3,3,2,3,2,3,2,2,3,2,2,2,3,3,3,2,2,2,2,2,2,2,2,3,3,2,2,2,3,2,3,2,3,2,2,2,2,2,3,2,2,2,2,3,2,2,2,3,2,3,2,2,2,2,3,2,2,2,2,3,3,3,2,2,2,2,2,2,3,2,2,3,2,3
0.40742,3,2,2,2,2,2,1,2,2,2,2,2,2,3,2,2,3,2,2,2,2,2,2,2,2,2,2,3,2,2,2,2,2,2,2,3,3,2,2,2,2,2,2,3,2,2,2,2,2,2,2,2,2,2,2,2,3,3,3,2,2,2,2,2,2,2,2,3,2,3,2,2,2,2,3,2,2,2,3,2,2,3,3,3,3,3,2,2,2,2,2,2,2,2,2,2,2,2,3,2,2,2,2,3,2,2,3,2,2,3,2,3,2,2,3,2,2,2,2,2,2,3,2,2,3,3,2,2,2,2,2,3,3,2,2,2,2,2,2,3,2,2,2,2,2,2,1,2,3,2,2,2,2,2,3,2,2,2,2,2,2,2,3,2,2,2,2,2,3,1,2,2,2,2,2,3,2,2,2,2,3,2,2,2,2,2,2,2,2,2,2,2,2,2,2,3,3,3,2,3,2,2,3,3,3
0.52166,3,2,3,2,2,2,2,2,2,2,2,2,3,3,3,2,3,3,2,2,2,2,2,2,2,2,2,3,2,2,2,2,2,2,2,2,3,2,2,2,2,2,3,3,2,2,2,2,2,2,2,2,2,3,2,1,2,2,3,2,3,2,2,2,2,2,2,2,2,2,2,2,2,3,3,2,2,2,2,2,2,2,3,2,3,3,2,2,2,2,2,2,2,3,2,2,2,3,3,3,2,2,3,2,2,2,2,2,2,3,2,3,3,2,3,2,1,3,2,2,2,3,2,2,2,3,2,2,2,3,2,3,3,2,2,2,3,2,2,2,2,2,2,2,2,3,2,2,2,2,2,2,2,3,3,2,1,2,3,2,2,2,2,3,2,3,2,3,2,2,2,2,2,2,3,2,2,2,2,2,2,2,1,2,2,2,2,2,3,2,2,2,2,2,2,3,3,2,3,3,1,2,3,3,3
0.14597,3,2,2,2,2,2,2,2,2,2,2,2,2,2,2,2,3,2,3,2,2,2,2,2,2,3,2,3,2,2,3,2,3,2,3,2,2,2,2,2,3,2,2,2,2,2,2,2,2,2,2,2,3,3,3,2,2,2,2,2,2,2,2,2,2,2,2,2,2,2,2,2,2,3,2,3,2,2,3,2,2,3,3,2,3,3,2,2,2,2,2,3,2,3,2,3,2,2,3,2,2,2,3,2,2,2,2,2,2,2,2,2,3,1,2,2,2,2,3,3,2,3,2,2,1,2,2,2,2,2,2,3,3,2,2,2,3,3,3,3,2,1,2,2,2,3,2,2,2,2,2,2,2,2,3,1,2,2,2,2,2,2,2,3,2,2,2,2,2,3,2,2,2,2,3,2,3,2,2,2,2,2,3,2,2,3,2,2,3,2,3,2,2,2,1,2,2,2,2,2,2,2,3,2,2
0.94149,3,2,2,2,2,2,2,2,2,2,2,1,2,2,3,1,3,3,2,2,2,2,2,2,2,3,2,2,2,2,3,2,2,3,2,2,2,2,2,2,3,2,2,2,2,2,2,2,2,2,2,3,2,2,2,2,2,2,2,2,3,2,2,2,2,2,2,2,2,1,2,2,2,3,2,2,2,2,2,2,2,2,3,2,3,3,2,2,2,2,1,2,2,2,2,1,2,2,3,2,2,2,2,3,3,2,2,2,2,2,2,2,3,2,2,2,3,1,2,3,2,3,3,2,3,2,2,2,3,3,2,3,3,2,2,1,3,2,3,2,1,3,3,2,2,2,2,2,2,2,2,2,2,2,3,2,2,2,2,2,2,2,2,2,2,3,2,2,2,3,2,2,2,2,2,2,2,2,2,2,2,3,2,3,2,2,2,1,2,2,2,2,3,2,3,2,2,2,2,2,3,2,3,2,2
0.75714,3,2,2,2,2,2,2,2,2,2,2,2,2,2,2,2,3,2,2,2,2,2,2,2,1,2,2,2,2,4,2,2,2,2,2,3,3,2,2,2,2,2,2,2,3,2,2,2,2,2,2,2,2,2,2,2,2,2,2,2,2,2,2,2,2,2,2,2,2,2,2,2,2,2,3,1,3,2,2,2,2,3,3,2,3,3,3,2,2,2,1,2,2,2,2,2,2,2,3,2,2,2,2,2,3,2,2,2,2,3,2,2,2,2,3,2,3,2,2,2,2,3,3,2,1,3,2,2,3,2,2,3,3,2,3,2,3,2,3,2,2,2,2,2,2,3,2,2,2,2,2,2,2,2,3,2,3,2,2,2,2,2,2,3,2,3,2,2,2,2,2,2,2,2,2,3,3,2,2,2,2,3,3,2,2,2,2,3,2,3,3,2,2,2,2,3,2,3,3,2,2,2,2,2,3
0.25584,3,2,2,2,2,2,2,2,2,2,2,3,2,2,3,2,3,3,2,2,2,2,2,3,3,2,2,2,2,2,2,3,2,2,2,1,2,2,4,3,2,2,2,2,2,2,2,2,2,2,2,3,2,2,2,2,3,2,3,2,2,2,2,2,2,2,3,2,2,2,2,2,2,2,3,2,3,2,3,2,2,3,3,2,3,3,2,2,2,2,1,2,2,3,2,3,2,2,3,2,2,2,2,2,2,2,3,2,2,2,2,2,2,3,3,2,3,2,2,2,1,3,2,2,3,3,2,2,3,2,2,3,3,2,3,2,3,2,1,3,2,2,2,2,2,3,3,3,2,2,2,2,2,2,3,2,2,2,2,2,3,3,3,3,3,3,2,2,3,2,2,2,2,2,2,2,2,2,2,2,2,2,2,2,2,3,2,2,2,2,3,2,2,2,2,3,3,2,2,2,3,2,3,2,3
0.87902,3,2,2,2,2,3,2,2,2,2,2,2,2,3,3,2,3,3,2,2,2,2,2,2,3,3,2,2,2,3,3,2,2,2,2,2,3,2,3,2,2,2,2,2,2,2,2,2,2,2,2,2,2,2,3,2,2,3,2,2,2,2,2,2,2,2,3,2,2,2,2,2,2,3,3,3,2,2,3,2,2,3,3,3,3,3,2,2,2,2,2,2,2,2,2,2,2,2,3,2,2,2,3,2,2,2,2,2,3,3,1,2,2,2,3,2,2,3,2,2,2,3,2,2,3,3,2,3,2,2,2,3,3,2,2,2,3,2,2,2,2,2,2,3,2,3,2,2,2,2,2,2,2,2,3,2,3,3,2,3,2,3,2,3,3,2,2,2,3,2,2,2,2,2,3,2,2,2,3,2,2,2,2,3,2,3,2,2,2,3,1,2,2,2,2,3,3,2,2,2,2,3,3,2,3
0.56437,3,2,2,2,2,3,3,2,2,2,2,2,3,2,2,2,3,3,2,2,2,2,2,3,3,3,2,4,2,3,3,2,3,2,2,2,2,2,2,2,2,3,3,3,3,2,2,2,2,2,2,2,2,2,2,3,2,5,2,3,3,2,2,2,2,2,2,2,2,2,2,3,2,2,3,2,2,2,2,3,2,3,3,3,3,3,2,2,2,2,2,3,2,2,2,3,2,2,3,3,2,2,3,2,2,2,2,2,2,2,2,2,2,3,3,2,2,2,2,3,2,3,2,2,6,3,2,2,3,3,3,3,3,2,3,2,3,3,2,3,2,3,2,3,7,3,3,2,2,2,2,2,2,2,3,3,3,3,3,2,2,2,2,3,3,3,2,3,2,2,2,2,2,2,2,2,2,2,2,2,2,2,2,3,2,2,2,3,3,2,2,3,3,2,2,2,3,2,3,2,3,3,3,3,3
0.72512,3,1,3,2,2,2,2,2,2,2,2,2,2,3,2,3,3,3,2,2,2,2,2,2,2,2,2,2,2,2,6,3,3,2,3,3,3,2,3,2,3,2,2,2,2,2,2,2,2,2,2,2,2,2,3,2,2,2,2,3,3,2,2,2,2,2,2,2,2,2,3,2,2,3,3,3,3,3,7,3,2,3,3,3,3,3,3,3,3,2,4,2,2,2,2,2,2,3,3,3,2,2,3,2,2,2,2,3,3,2,2,2,3,2,3,2,7,3,3,2,2,3,3,2,7,3,2,2,3,2,2,3,3,2,3,2,3,2,2,2,2,2,3,2,2,3,2,3,3,2,2,2,2,3,3,2,3,2,2,3,3,7,2,3,3,2,2,3,2,2,2,2,2,2,2,2,3,2,2,2,2,7,3,3,2,3,2,3,2,3,2,2,2,2,3,2,3,4,3,3,3,2,3,2,3
0.42343,3,3,2,2,2,3,2,2,2,2,2,3,3,3,3,2,3,3,2,2,2,2,2,2,2,2,2,2,2,3,3,2,2,2,2,2,3,2,2,3,3,3,2,3,2,2,2,2,2,2,2,2,2,2,3,3,2,2,2,3,2,2,2,2,2,2,2,3,2,3,2,2,2,3,3,2,3,2,3,3,2,3,3,3,3,3,2,2,3,2,2,3,2,3,2,2,2,2,3,3,2,2,3,2,2,2,3,3,2,2,2,3,2,2,3,2,2,3,3,3,3,3,3,2,3,3,2,2,2,3,3,3,3,2,2,3,3,2,2,2,3,3,2,2,2,3,3,2,3,2,2,2,2,3,3,2,3,3,3,3,2,2,3,3,2,2,2,2,2,2,2,2,2,2,2,3,3,2,3,2,3,2,3,2,2,2,2,3,2,2,2,2,2,2,2,3,4,2,2,3,3,2,3,2,3
0.65977,3,3,2,2,2,3,2,2,2,2,2,2,2,2,2,3,3,3,2,2,2,2,2,3,2,2,2,2,2,2,3,2,2,2,3,2,3,2,2,3,2,2,2,3,2,3,2,2,3,2,2,2,3,3,2,2,2,2,3,2,2,2,2,2,2,2,2,2,3,3,3,3,2,3,3,2,3,2,3,3,2,3,1,3,3,3,2,2,2,2,3,2,2,2,2,2,2,3,3,2,2,2,3,2,2,2,2,2,3,2,2,3,2,2,3,2,3,2,2,3,2,3,2,3,3,3,2,3,2,2,2,3,3,3,3,2,3,4,2,3,2,3,3,3,2,3,2,2,3,2,2,2,2,3,3,2,2,2,2,2,2,2,2,3,2,2,2,2,2,2,2,2,2,2,3,2,3,2,2,2,2,2,2,2,2,3,2,2,2,2,2,2,3,2,3,3,3,2,2,2,3,3,3,3,3
0.34818,3,2,3,2,2,2,2,2,2,2,2,2,2,2,3,2,3,3,3,2,2,2,2,3,2,2,2,2,2,2,3,3,3,3,2,2,3,2,2,3,2,2,2,3,2,2,2,2,3,2,2,2,2,3,2,4,2,3,2,2,3,2,2,2,2,2,3,2,3,2,4,3,2,3,3,3,3,2,2,2,2,3,3,3,3,3,2,2,3,2,2,3,2,2,2,2,2,3,3,3,2,2,2,2,2,2,2,2,3,3,3,3,3,2,3,2,2,2,2,2,2,3,2,2,3,3,2,2,2,2,2,3,3,3,2,2,3,2,2,2,2,2,2,2,2,2,3,2,2,2,2,2,2,3,3,2,2,2,2,2,2,2,2,3,3,3,2,2,2,3,2,2,2,2,3,2,2,2,2,2,2,3,3,2,2,2,2,2,2,2,3,3,2,2,2,2,2,3,2,3,3,2,2,2,3
0.24806,3,3,3,2,2,2,2,2,2,2,2,2,2,2,2,2,3,3,2,2,2,2,2,2,2,2,2,3,2,2,3,2,2,2,2,2,2,2,2,3,2,2,2,3,2,2,2,2,3,2,2,2,2,2,2,2,2,3,2,3,2,2,2,2,2,2,3,2,3,2,3,3,2,3,3,2,3,3,3,2,2,3,3,3,2,3,2,2,2,2,2,2,2,2,2,2,2,2,2,3,2,2,3,2,3,2,3,2,2,3,3,2,2,2,3,2,3,2,2,2,2,3,2,2,3,3,2,2,3,2,3,3,3,3,2,2,3,2,3,2,2,2,3,2,2,2,3,2,3,2,2,2,2,2,3,2,3,3,2,2,2,3,2,2,3,2,2,2,2,2,2,2,2,2,3,2,2,2,3,2,2,2,2,2,2,2,2,3,2,2,3,2,2,2,2,2,3,2,3,2,3,3,3,2,3
0.39442,3,2,2,2,2,1,3,2,2,2,2,2,2,2,2,3,3,2,2,2,2,2,2,2,2,2,2,2,2,2,2,3,2,2,3,2,2,2,3,3,3,2,2,3,3,2,2,2,3,2,2,2,2,3,2,2,2,2,3,2,2,2,2,2,2,2,2,2,3,3,3,2,2,3,3,3,3,2,2,2,2,3,3,2,2,3,2,2,2,2,3,2,2,2,2,2,2,2,2,2,2,2,2,2,2,2,2,3,2,2,3,3,3,2,2,2,3,2,2,2,3,2,3,2,3,2,2,2,2,3,2,3,3,3,2,2,2,2,2,2,2,2,2,2,2,2,2,3,1,2,2,2,2,2,2,2,2,2,2,2,2,2,2,2,3,2,2,2,3,2,2,2,2,2,2,2,2,2,2,2,2,2,3,2,2,2,2,2,2,2,2,2,2,2,3,3,3,3,2,2,3,2,3,2,2
1.0838,3,3,2,2,2,2,3,2,2,2,2,2,3,2,2,2,3,3,3,2,2,2,2,2,3,2,2,2,2,2,2,2,3,2,2,2,3,2,2,2,2,2,2,2,2,2,2,2,3,2,2,2,2,2,2,2,2,2,2,2,2,2,2,2,2,2,2,3,3,2,3,2,2,3,2,2,2,2,3,2,2,2,3,2,2,3,2,2,2,2,3,2,2,2,2,2,2,2,2,2,2,2,2,2,3,2,2,2,2,2,3,2,2,4,3,2,2,2,2,3,3,3,4,2,2,3,2,2,2,2,2,3,3,3,2,2,3,2,2,3,3,3,2,2,2,2,2,2,2,2,2,2,2,2,3,2,3,2,2,2,2,2,2,2,2,2,2,2,2,2,2,2,2,2,2,2,2,2,2,2,2,2,2,2,2,2,2,3,2,2,3,3,2,2,2,2,4,2,2,2,1,2,3,2,3
0.58253,3,2,2,2,2,2,2,2,2,2,2,2,2,2,2,2,2,3,1,2,2,2,2,2,2,2,2,5,2,2,2,3,6,2,2,2,3,2,2,2,2,2,3,3,2,2,2,2,3,2,2,2,2,3,2,2,2,2,2,2,2,2,2,2,2,2,3,2,3,2,2,2,2,3,3,2,2,2,2,2,2,3,3,2,2,3,2,2,2,2,3,2,2,2,2,1,2,2,2,2,2,2,3,2,1,2,3,3,2,3,3,2,2,2,2,2,2,3,2,2,2,3,2,2,3,3,2,2,2,3,3,3,3,3,2,3,2,2,2,2,2,2,2,2,2,2,3,2,2,2,2,2,2,3,3,2,2,2,2,3,2,3,2,2,2,2,2,2,2,2,2,2,2,2,2,3,3,2,3,2,3,2,1,3,2,2,2,2,2,2,2,2,2,2,2,2,2,2,2,2,3,2,2,2,3
0.56796,3,2,2,2,2,3,2,2,2,2,2,6,2,3,2,2,3,3,2,2,2,2,2,2,2,2,2,2,2,3,2,2,2,3,2,3,2,2,2,2,2,3,2,3,4,2,2,2,3,2,2,2,2,3,2,2,3,2,2,3,2,2,2,2,2,2,2,3,3,2,3,2,2,3,3,2,2,3,3,2,2,2,2,2,2,3,3,2,3,2,3,2,2,3,2,2,2,2,2,2,2,2,2,2,3,2,2,3,3,2,3,2,2,2,2,2,3,2,2,2,2,2,3,2,2,2,2,2,3,3,2,3,2,3,2,2,2,2,2,1,3,2,2,2,3,2,2,2,2,2,2,2,2,3,2,2,1,3,2,2,2,2,2,2,3,3,2,3,2,3,2,2,2,2,2,2,2,2,2,2,2,3,2,2,2,2,2,2,3,2,2,2,2,2,2,2,2,2,2,2,3,2,2,3,2
0.46918,2,3,2,2,2,3,2,2,2,2,2,2,2,2,2,2,2,2,2,2,2,2,2,2,2,2,2,3,2,2,2,2,3,3,2,2,2,2,2,2,2,2,2,2,3,2,2,2,3,2,2,3,2,2,2,2,2,2,2,2,2,2,2,2,2,2,2,2,3,2,3,2,2,3,2,2,3,2,3,3,2,2,2,3,2,3,3,2,2,2,2,3,2,2,2,3,2,2,2,1,2,2,2,3,2,2,3,2,2,3,3,2,2,2,2,2,2,3,2,2,3,2,2,2,4,3,2,2,2,2,2,3,2,3,2,4,2,1,2,2,2,2,2,3,2,2,4,2,2,2,2,2,2,2,2,3,2,2,2,3,2,2,2,2,3,2,2,2,2,2,2,2,2,3,2,2,2,2,2,2,2,2,2,3,2,2,2,2,2,3,2,3,2,2,2,2,3,2,2,2,3,3,3,2,2
0.46364,2,3,2,2,2,2,2,2,2,2,2,3,2,2,3,2,2,2,2,3,2,2,2,2,2,2,2,2,2,2,2,2,2,2,3,2,2,2,2,3,2,2,2,2,2,2,2,2,3,2,2,3,2,2,2,4,2,2,2,2,2,2,2,2,2,2,3,3,3,2,3,2,2,3,3,2,3,2,2,2,2,2,2,3,2,4,3,2,2,2,2,2,2,2,2,4,2,2,2,4,2,2,3,3,3,2,2,2,2,2,3,2,3,2,2,2,2,2,2,3,2,4,2,2,3,3,2,3,2,3,2,3,2,3,3,2,2,2,2,3,3,3,2,2,2,2,2,2,2,2,2,2,2,2,2,3,3,2,2,2,2,3,2,2,2,3,2,2,2,3,2,2,2,3,2,2,3,2,2,2,2,3,2,2,2,3,2,2,3,2,2,2,3,2,2,2,4,2,3,2,2,2,3,2,3
0.19794,4,2,3,2,2,3,2,2,2,2,2,2,3,3,3,2,2,2,2,3,2,2,2,2,2,2,2,2,3,2,2,3,3,2,4,2,2,2,2,2,3,2,3,2,2,2,2,2,3,2,2,2,2,3,3,2,2,2,2,2,3,2,2,2,2,2,2,3,3,3,3,2,2,3,2,2,2,3,3,3,2,2,4,3,2,3,3,2,2,2,3,2,2,2,3,3,3,2,2,3,2,2,3,2,3,2,2,2,3,3,3,2,2,2,3,2,2,2,2,2,2,3,2,2,2,3,2,3,2,2,3,3,2,3,2,2,3,2,2,2,2,2,3,3,2,2,2,2,2,2,2,2,2,3,3,3,2,2,3,3,3,2,2,2,3,2,2,2,3,2,2,2,2,3,2,2,2,2,2,2,2,3,2,3,2,3,2,2,3,2,2,2,2,2,3,2,2,2,2,2,3,2,3,2,3
0.084853,3,2,2,2,2,2,2,2,2,2,2,2,2,2,2,2,3,2,3,2,2,2,2,2,2,3,2,3,2,3,2,3,2,3,2,2,3,2,2,2,2,3,3,2,2,2,2,2,3,2,2,2,2,2,3,3,2,3,3,2,2,2,2,2,2,2,2,3,3,3,2,2,2,3,3,2,2,3,3,2,2,3,3,3,3,3,3,2,2,2,2,3,2,2,2,2,2,3,3,3,2,2,2,2,2,2,3,3,3,2,3,2,3,2,3,2,2,3,2,2,3,3,2,2,3,3,2,3,2,3,2,3,3,3,3,2,2,2,3,2,3,2,3,2,2,3,2,2,3,2,2,2,2,2,3,3,2,2,2,3,2,2,2,3,3,2,2,2,2,3,2,2,2,2,3,2,2,2,3,2,2,3,3,3,2,3,2,2,3,2,2,2,2,2,3,2,2,2,2,3,2,3,3,2,3
0.36975,3,3,3,2,2,3,2,2,2,2,2,2,3,3,2,2,3,3,2,2,2,2,2,2,3,3,2,2,2,2,3,2,2,2,2,2,3,2,2,2,2,2,2,2,3,2,2,2,3,2,2,2,3,2,2,2,2,3,2,2,2,2,2,2,2,2,2,2,3,3,3,2,2,3,3,3,2,2,3,2,2,3,3,3,3,3,3,3,2,2,2,3,2,2,2,3,2,2,3,2,2,2,3,2,2,2,3,2,2,3,3,2,2,2,3,2,2,2,3,2,3,3,2,2,3,3,2,2,2,2,2,3,3,3,2,2,3,3,2,2,3,2,2,2,2,3,2,2,3,2,2,2,2,3,3,2,2,3,3,3,2,2,3,3,3,2,2,2,2,3,2,2,2,2,3,2,3,2,2,2,2,2,2,2,2,3,2,2,2,2,2,2,2,2,3,2,3,2,2,2,3,3,3,2,3
0.11955,3,2,2,2,2,3,3,2,2,2,2,3,3,2,2,2,3,3,3,2,2,2,2,3,2,2,2,3,2,2,2,3,2,2,2,2,3,2,2,2,2,2,2,2,2,2,2,2,3,2,2,2,2,2,2,3,2,2,2,3,2,2,2,2,2,2,2,2,3,2,3,2,2,3,3,2,2,3,3,3,2,3,3,3,3,3,2,2,2,2,3,3,2,2,2,2,2,2,3,2,2,2,2,2,2,2,2,2,3,2,3,2,3,2,3,2,2,2,2,3,3,3,2,2,3,3,2,3,2,3,3,3,3,3,2,2,3,2,3,2,2,2,2,2,2,3,2,2,3,2,2,2,2,3,3,2,2,3,3,2,3,2,3,3,3,2,2,2,3,3,2,2,2,2,2,2,2,2,2,2,2,2,3,2,2,3,2,3,3,2,2,2,2,2,2,2,3,2,3,2,3,2,3,2,3
0.09307,3,3,2,2,2,3,2,2,2,2,2,3,2,2,2,2,3,2,2,2,2,2,2,2,2,3,2,2,2,2,2,2,2,3,2,2,2,2,2,3,2,2,3,2,2,2,2,2,3,2,2,2,2,2,3,3,3,3,2,3,2,2,2,2,2,2,3,2,3,2,3,2,2,3,3,2,3,2,2,2,2,3,3,3,3,3,3,2,3,2,2,2,2,2,2,2,2,3,3,2,2,2,2,2,2,2,2,2,3,3,2,2,2,2,3,2,3,2,3,2,3,3,2,2,3,3,2,3,2,3,3,3,3,2,2,2,3,2,2,3,3,2,2,2,3,3,2,3,3,2,2,2,2,2,3,2,3,3,3,3,2,2,2,3,2,2,2,3,2,2,2,2,2,2,2,2,2,2,2,2,2,2,2,3,2,3,2,2,3,2,3,2,2,2,2,2,3,2,2,2,3,3,3,2,3
0.13782,3,2,2,3,2,2,2,2,2,2,2,3,2,2,3,2,3,3,2,2,2,2,2,3,3,3,2,3,2,2,2,2,2,2,3,2,2,2,2,2,2,2,2,3,2,2,2,2,3,2,2,3,2,2,2,3,2,2,2,2,3,2,2,2,2,2,3,2,3,3,3,3,2,3,3,2,2,2,3,2,2,3,3,3,3,3,2,2,2,2,3,3,2,2,2,2,2,3,3,2,2,2,2,2,3,2,3,3,3,2,3,2,3,2,3,2,2,3,3,2,2,3,3,2,3,3,2,3,2,3,2,3,3,3,2,2,3,2,2,2,2,3,3,2,3,3,3,2,3,2,2,2,2,2,3,2,2,2,3,2,2,2,2,3,2,3,2,3,2,3,2,2,2,2,3,2,2,2,2,2,2,3,3,2,2,2,2,2,3,2,2,2,2,2,3,3,2,2,2,2,3,2,3,2,3
0.44231,3,2,3,2,2,2,2,2,2,2,2,2,2,2,3,3,3,3,2,2,2,2,2,2,3,3,2,2,2,3,2,3,3,3,2,3,2,2,2,3,2,3,2,3,2,2,2,2,3,2,2,2,3,3,2,2,2,2,2,2,3,2,2,2,2,2,3,2,3,3,3,2,2,3,3,2,3,2,3,3,2,3,3,3,3,3,2,2,2,2,3,3,2,3,3,2,2,2,3,2,2,2,2,2,2,2,3,2,2,3,3,3,2,2,3,2,2,2,2,2,2,3,2,2,2,3,2,2,2,3,2,3,3,3,2,2,3,3,2,3,2,1,2,2,2,3,2,3,2,2,2,2,2,3,3,2,2,2,2,3,2,2,3,3,3,2,2,2,2,3,2,2,2,2,2,2,2,2,2,2,3,3,2,3,2,2,2,2,2,3,2,3,3,2,3,2,2,2,2,2,3,2,2,3,3
0.59119,3,3,2,2,2,3,2,2,2,2,2,2,2,3,2,2,3,3,3,2,2,2,2,2,2,2,2,2,3,2,2,3,2,2,2,2,3,2,2,3,2,3,2,2,2,2,2,2,3,2,2,2,3,2,2,2,2,4,3,3,2,2,2,2,2,2,2,2,3,2,3,2,2,3,3,2,2,3,2,3,2,3,3,3,3,3,2,2,2,2,3,3,2,2,2,2,2,2,3,2,2,2,2,3,2,2,2,2,3,2,3,3,3,3,3,2,2,2,3,3,3,3,2,3,3,3,2,2,3,2,3,3,3,3,3,3,3,2,3,2,2,3,2,3,3,3,2,2,2,2,2,2,2,3,3,2,2,2,2,2,2,2,2,3,2,2,2,2,3,3,2,2,2,2,2,2,2,2,3,2,2,2,3,3,2,2,2,3,3,2,2,2,2,2,2,3,2,3,2,2,3,2,3,2,3
0.27977,3,3,3,2,2,2,2,2,2,2,2,2,3,2,2,2,3,3,3,2,2,2,2,2,2,2,2,2,2,3,2,2,2,2,3,2,2,2,2,3,2,2,2,3,2,2,2,2,3,2,2,2,3,3,2,3,3,2,3,2,3,2,2,2,2,2,3,2,3,3,3,2,2,3,3,2,2,3,3,2,2,3,3,2,3,3,2,2,3,2,3,3,2,2,2,2,2,2,3,2,2,2,2,3,3,2,2,3,2,3,3,2,2,1,3,2,2,3,2,2,2,3,3,2,2,3,2,2,2,2,2,3,3,3,2,3,3,2,3,2,2,3,2,3,2,3,2,2,2,2,2,2,2,2,2,2,2,2,2,3,3,2,2,3,2,3,2,3,2,3,2,2,2,2,2,2,2,2,3,2,2,2,2,2,2,1,2,2,2,2,2,1,2,2,3,2,3,2,3,2,2,2,3,2,3
0.3677,3,2,3,2,2,2,2,2,2,2,2,3,3,2,2,3,3,2,1,2,2,2,2,2,2,3,2,3,2,2,2,3,3,2,3,2,2,2,2,2,3,2,3,2,2,2,2,2,3,2,2,2,2,2,3,3,2,2,2,2,3,2,2,2,2,2,2,2,3,3,3,2,2,3,3,2,2,2,3,2,2,3,3,3,3,3,2,2,3,2,2,2,2,3,2,1,2,2,3,3,2,2,3,2,2,2,2,3,2,2,3,3,3,2,3,2,2,2,2,3,3,3,2,2,1,3,2,2,2,2,2,3,3,3,2,2,3,2,3,2,2,2,3,3,2,3,2,2,2,2,2,2,2,2,3,1,3,2,3,3,2,3,2,3,3,3,2,2,3,3,2,2,2,3,1,2,2,2,2,2,2,2,2,3,2,3,2,1,2,2,1,2,2,2,2,1,3,3,2,2,3,2,3,2,3
0.36677,3,3,2,2,2,2,2,2,2,2,2,2,2,2,2,2,3,2,3,2,2,2,2,2,2,3,2,2,3,3,2,2,2,2,2,2,3,2,3,3,2,2,3,2,3,2,2,2,3,2,2,2,1,2,2,1,2,2,2,2,2,2,2,2,3,2,2,3,3,2,3,3,2,3,2,3,2,2,3,3,2,2,3,3,3,3,3,2,3,2,3,3,2,2,2,1,2,2,2,3,2,2,2,1,3,2,2,2,3,3,3,2,2,2,3,2,2,3,2,2,2,3,2,2,3,3,2,3,2,2,2,3,3,3,2,2,3,2,2,2,2,2,2,3,2,3,2,3,2,2,2,2,2,2,3,1,3,2,3,3,2,2,2,3,2,3,2,3,1,2,2,2,2,3,3,2,2,2,3,2,2,2,2,2,2,2,2,2,2,2,3,3,2,2,3,3,3,2,3,2,3,2,3,3,3
0.21476,3,2,2,2,2,2,3,2,2,2,2,2,3,2,2,1,3,3,3,2,2,2,2,2,2,2,2,1,2,2,2,3,2,2,2,2,2,2,3,2,3,2,3,2,2,2,2,2,3,2,3,3,3,2,2,3,3,2,2,2,2,2,2,2,2,2,3,2,3,2,3,3,2,3,3,2,2,2,3,3,2,3,3,3,2,3,2,2,1,2,3,2,2,2,3,1,2,2,3,2,2,2,3,2,3,2,2,2,3,3,3,2,2,2,2,2,2,2,2,2,2,3,1,2,3,2,2,3,2,3,2,3,3,3,2,2,3,2,2,3,2,3,1,3,2,3,2,2,2,2,2,2,2,3,3,1,3,2,2,2,2,2,2,3,2,2,2,3,2,2,2,2,2,3,3,3,2,2,3,2,2,2,3,2,2,3,2,2,3,3,3,3,2,2,4,3,2,2,3,2,3,3,3,2,3
0.54769,3,2,3,2,2,3,3,2,2,2,2,3,3,2,2,2,3,3,2,2,2,2,2,3,1,3,2,2,3,2,2,2,2,2,2,2,1,2,2,1,3,3,2,2,2,2,2,2,3,2,2,2,2,3,1,2,3,3,2,2,2,2,2,2,2,2,2,2,3,3,3,3,2,3,3,3,3,1,3,2,2,2,3,3,3,3,2,3,2,2,1,2,2,2,3,3,2,3,3,2,2,2,2,2,2,2,2,3,3,2,3,2,2,3,3,2,2,2,2,2,3,3,3,2,2,3,2,3,3,3,2,3,3,3,2,2,3,3,2,3,2,3,3,3,2,3,2,2,1,2,2,2,2,2,3,3,3,2,3,2,2,2,2,3,3,2,2,3,2,1,2,2,2,3,2,4,2,2,2,2,2,3,2,2,2,2,2,2,2,2,3,2,2,2,2,1,2,2,1,2,3,2,3,2,2
1.2776,3,3,2,2,2,3,2,2,2,2,2,2,3,2,2,2,3,3,2,2,2,2,2,2,2,3,2,1,3,3,2,2,3,2,2,3,3,2,3,3,2,2,3,1,2,2,2,2,3,2,2,2,3,2,2,2,2,2,2,2,2,2,2,3,2,2,3,2,3,3,3,2,2,3,3,2,2,3,2,2,2,3,3,3,3,3,2,2,2,2,2,2,2,2,3,1,2,3,1,2,2,2,2,2,3,2,2,3,3,2,3,2,2,3,2,2,2,3,3,3,2,3,1,3,3,3,2,3,2,2,2,3,3,1,2,2,3,2,3,2,2,2,3,2,2,3,5,2,3,2,2,2,2,2,3,1,3,3,2,3,2,2,2,3,2,2,2,2,2,3,2,2,2,3,3,2,3,2,2,2,2,2,2,3,2,1,2,2,3,2,2,2,2,2,2,2,2,2,3,2,2,2,1,2,3
0.9405,3,2,3,2,2,2,2,2,2,2,2,2,2,2,3,3,3,3,2,2,2,2,2,3,2,3,2,2,3,2,2,2,3,2,3,3,3,2,2,2,3,2,2,2,2,2,2,2,3,2,2,2,2,2,3,3,3,3,2,3,2,2,2,2,2,2,1,2,3,3,3,2,2,3,2,2,2,3,3,2,2,3,3,3,3,3,1,2,2,2,3,2,2,3,2,1,2,2,3,4,2,2,2,3,3,2,2,3,3,3,3,3,2,2,2,2,1,2,3,2,2,3,2,2,2,3,2,3,2,2,2,3,3,3,2,2,3,3,3,2,3,3,1,2,2,3,3,2,2,2,2,2,2,2,2,3,2,3,2,3,3,2,2,3,3,2,2,3,2,1,2,2,2,3,2,3,2,2,2,2,2,1,2,2,2,3,2,2,2,2,1,3,2,2,2,3,2,2,2,2,1,2,3,2,3
0.7863,3,2,2,2,2,3,3,2,2,2,2,2,3,2,3,2,3,3,3,2,2,2,2,3,2,3,2,2,2,1,2,2,3,5,3,1,3,2,2,2,2,3,2,2,2,2,2,2,3,2,2,3,2,3,3,3,2,2,2,2,2,2,2,2,2,2,2,2,3,2,3,2,2,3,2,2,2,2,2,2,2,2,3,3,3,3,2,2,3,2,3,2,2,3,3,3,2,2,3,3,2,2,2,3,3,2,2,3,3,2,3,2,2,3,3,2,2,3,2,2,2,3,2,1,3,3,2,3,3,2,3,3,3,3,2,3,3,2,2,3,3,2,3,3,2,3,3,2,2,2,2,2,2,3,2,3,3,2,2,2,3,2,2,3,2,2,2,3,3,2,2,2,2,3,2,3,3,2,2,2,1,3,2,2,2,2,2,2,2,1,2,2,3,2,2,3,2,2,2,2,3,3,3,2,3
0.59329,3,3,3,2,2,3,2,2,2,2,2,2,2,2,2,2,3,3,2,2,3,2,2,2,2,2,2,3,2,2,3,2,2,2,2,3,3,2,2,2,2,2,3,2,2,2,2,3,3,2,2,2,2,2,2,2,2,2,2,2,2,2,2,2,2,2,2,2,3,2,3,2,2,3,2,2,2,3,3,3,2,3,3,3,3,3,2,2,2,2,3,3,2,2,3,3,2,2,3,2,2,2,2,3,2,2,2,2,3,3,3,3,3,2,2,2,3,2,2,2,2,3,3,2,2,3,2,3,2,2,2,3,3,3,3,2,3,3,2,3,2,2,2,3,3,3,2,2,2,2,2,2,2,2,3,3,3,2,2,2,2,2,2,3,2,2,2,2,2,3,2,2,2,3,3,2,3,2,2,2,2,3,3,3,2,2,2,2,2,2,2,3,3,2,3,2,2,2,2,2,3,2,3,2,3
0.14009,3,2,2,2,2,2,2,2,2,2,2,2,2,2,2,2,3,3,2,2,2,2,2,3,3,3,2,3,2,3,2,2,2,2,2,3,2,2,3,2,2,2,2,3,2,2,2,3,3,2,2,3,3,3,2,2,3,2,2,3,2,2,2,2,2,2,3,2,3,2,3,2,2,3,3,2,2,2,3,2,2,3,3,3,3,2,3,2,3,2,3,2,2,2,2,3,2,2,3,3,2,2,2,3,3,2,2,2,3,3,3,2,2,3,3,2,2,3,2,2,2,3,2,2,3,2,2,3,2,3,2,3,3,3,2,2,3,2,2,2,2,2,3,2,2,3,2,2,2,2,2,2,2,3,3,3,2,2,2,2,3,2,2,3,2,3,2,3,2,2,2,2,2,3,3,2,2,2,2,2,2,3,3,2,2,3,2,3,2,3,3,2,2,2,2,2,2,3,3,2,2,2,3,2,2
0.43746,3,3,3,2,2,2,3,2,2,2,2,3,2,2,3,3,3,2,2,2,3,2,2,2,2,2,2,2,2,2,3,3,2,2,2,2,2,2,3,2,3,2,2,2,2,2,2,2,3,2,2,2,3,3,2,2,2,2,2,2,3,2,2,2,2,2,2,2,3,2,3,2,2,3,3,3,2,2,3,3,2,2,3,3,3,3,2,2,2,2,2,2,2,3,2,3,2,2,3,2,2,2,3,3,2,2,3,3,3,2,3,2,2,2,3,2,2,3,2,2,2,3,3,3,2,2,2,3,2,3,2,3,3,3,3,2,3,2,2,2,3,3,3,3,3,3,2,3,3,2,2,2,2,2,3,3,2,2,2,2,3,2,2,3,3,3,2,2,2,2,2,2,2,3,2,2,3,2,3,2,2,2,3,3,2,2,2,3,3,3,3,2,2,2,2,2,3,2,3,2,3,3,3,2,2
0.36984,3,2,3,3,2,2,2,2,2,2,2,2,2,2,3,2,3,3,2,2,2,2,2,2,2,2,2,2,2,3,2,2,3,2,2,2,3,2,2,2,3,2,2,2,3,2,2,2,3,2,2,3,2,2,3,3,2,2,2,2,2,2,2,2,3,2,2,2,3,3,2,2,2,3,2,3,2,2,3,2,2,2,3,3,2,2,3,2,2,2,3,3,2,2,3,3,2,3,3,3,2,2,2,2,2,2,2,2,3,2,3,2,2,3,2,2,3,3,2,3,2,3,3,2,3,2,2,3,3,3,2,3,2,3,3,3,3,2,2,2,2,2,3,2,3,3,2,2,2,3,2,2,2,2,2,3,3,2,2,3,2,2,3,3,2,2,2,2,3,3,2,2,2,3,2,3,2,2,2,2,2,2,3,2,2,3,2,2,2,2,2,2,3,2,2,3,2,2,2,2,2,3,3,2,2
0.16897,3,3,2,2,2,2,2,2,2,2,2,3,2,2,2,3,2,3,2,2,2,2,2,3,3,3,2,3,3,2,3,2,3,2,3,2,2,2,2,2,3,2,2,2,2,2,2,2,3,2,3,2,2,2,2,3,3,3,2,2,2,2,2,2,3,2,3,2,3,2,3,3,2,2,2,2,2,2,3,3,2,2,3,3,2,2,2,2,2,2,3,2,2,2,3,3,2,2,3,2,2,2,3,3,3,2,2,2,3,2,3,2,2,2,2,2,2,2,2,2,2,3,3,2,3,2,2,3,3,2,3,3,3,3,3,3,3,3,2,2,2,2,2,2,3,3,2,3,2,2,2,2,2,2,2,3,2,2,3,2,3,2,2,3,3,2,2,2,2,2,2,2,2,3,2,2,2,2,2,2,3,2,3,3,2,2,2,2,2,3,2,2,2,2,3,2,2,2,2,2,2,2,3,2,2
0.078593,3,3,2,2,2,2,2,2,2,2,2,2,3,2,2,3,3,2,3,2,2,2,2,2,2,3,2,2,2,3,3,2,2,2,2,2,2,2,2,3,2,3,3,2,2,2,2,2,3,2,2,2,3,2,2,2,2,2,2,2,2,2,2,2,2,2,2,2,3,3,3,3,2,3,3,2,3,3,3,2,2,2,3,3,2,2,2,2,2,2,2,2,2,2,3,3,2,2,2,2,2,2,2,3,2,2,3,3,3,2,3,3,3,2,3,2,3,2,3,3,2,3,3,2,3,2,2,3,2,2,2,3,3,3,2,3,3,2,2,3,2,3,2,3,2,2,3,2,2,2,2,2,2,2,3,3,2,2,3,2,3,2,3,3,2,2,2,2,3,2,2,2,2,3,2,3,3,2,2,2,3,2,2,2,2,2,2,3,2,3,3,2,2,2,2,3,2,2,3,2,3,2,3,2,2
0.22015,3,2,2,2,2,2,3,2,2,2,2,3,2,3,3,3,3,2,2,2,3,2,2,2,2,3,2,3,2,2,2,2,2,2,2,2,2,2,3,3,3,2,3,2,2,2,2,2,3,2,2,2,2,3,2,3,2,2,2,2,2,2,2,2,2,2,2,2,3,3,3,2,2,3,2,3,3,2,2,3,2,2,3,3,3,3,2,2,2,2,3,2,2,2,2,3,2,2,3,2,2,2,2,2,2,2,3,3,3,2,3,2,2,2,3,2,2,3,2,2,3,3,3,2,3,2,2,3,3,3,2,3,3,3,3,2,3,2,3,2,3,2,3,2,2,3,2,3,2,2,2,2,2,3,3,3,3,3,3,3,3,2,2,3,2,2,2,2,2,2,2,2,2,3,2,2,2,2,2,2,2,2,2,3,2,3,2,3,2,2,3,2,2,2,3,3,2,2,2,2,3,2,3,2,3
0.24385,3,3,3,2,2,2,2,2,2,2,2,2,3,2,2,3,3,3,2,2,2,2,2,2,2,2,2,2,3,2,2,3,2,3,3,2,3,2,3,3,3,2,2,3,3,2,2,2,3,2,2,2,3,3,3,3,3,2,2,2,2,2,2,2,2,2,2,2,3,2,3,2,2,3,3,3,2,2,3,2,2,3,3,3,3,3,3,3,2,2,3,2,2,3,3,3,2,3,3,2,3,2,2,3,3,2,3,2,2,2,3,2,3,2,3,2,2,2,2,3,3,3,2,3,3,3,2,3,2,3,2,3,3,3,2,2,3,2,2,2,2,2,3,3,2,3,3,3,3,2,2,3,2,3,3,3,3,3,2,3,2,2,2,3,3,2,2,3,3,2,2,2,2,3,3,2,2,3,3,2,2,3,2,2,2,2,2,2,2,2,3,2,3,2,2,3,3,3,3,2,3,2,3,2,3
0.26786,3,2,2,2,2,2,2,2,2,2,2,2,2,2,2,3,2,3,2,2,2,2,2,3,3,3,2,3,2,2,2,2,2,2,2,3,3,2,2,2,2,2,2,2,2,2,2,2,3,2,3,2,3,2,3,2,2,3,3,3,3,2,2,2,2,2,3,2,3,3,3,3,2,3,3,3,2,2,3,2,2,3,3,3,3,3,2,3,2,2,2,2,2,2,3,3,2,2,3,2,2,2,3,2,3,2,3,2,2,2,3,2,2,2,3,2,3,3,2,2,3,3,2,2,2,3,2,3,2,2,3,3,3,3,3,2,3,2,3,3,2,2,2,3,3,3,3,3,2,2,2,2,2,3,3,3,2,3,2,3,2,2,2,3,3,2,2,2,3,3,2,2,2,3,2,2,3,2,2,2,3,2,2,2,2,2,2,3,3,3,2,3,3,2,2,3,3,3,3,2,3,2,3,2,3
0.16361,3,2,2,2,2,3,3,2,2,2,2,2,3,3,3,2,3,3,2,3,2,2,2,3,3,3,2,2,2,3,2,3,2,2,2,3,3,2,2,3,2,3,3,2,2,2,2,2,3,2,2,3,3,3,3,2,3,2,2,3,2,2,2,2,2,2,2,3,3,3,2,2,2,3,3,2,2,2,3,3,2,3,3,3,3,3,3,3,2,2,3,2,2,2,2,3,2,3,3,2,2,2,2,3,2,2,2,2,3,2,3,2,2,2,3,2,2,2,2,2,2,3,2,2,3,3,2,3,3,2,2,3,3,3,3,3,3,3,2,2,3,3,2,2,3,3,2,2,2,2,2,2,2,2,3,3,3,3,3,3,3,2,2,3,2,2,2,3,2,3,2,2,2,2,2,2,2,2,2,2,2,2,2,2,2,3,2,3,2,2,2,3,2,2,2,2,3,2,2,3,2,2,3,2,3
0.65679,3,2,3,2,2,2,3,2,2,2,2,3,2,3,2,3,3,3,2,2,2,2,2,2,3,3,2,3,2,2,3,3,2,2,2,2,2,2,2,2,2,2,2,2,2,2,2,2,3,2,2,3,2,2,2,3,3,2,3,2,2,2,2,2,2,2,2,2,2,3,3,2,2,3,3,2,3,3,2,2,2,3,3,3,3,3,2,2,3,2,3,2,2,3,3,2,2,2,3,3,2,2,2,2,2,2,2,3,3,2,3,2,2,3,3,2,2,2,2,3,2,3,2,2,3,3,2,2,2,2,2,3,3,3,3,3,3,2,2,2,2,2,2,2,3,3,3,2,2,2,2,2,2,2,3,2,2,2,3,3,2,2,2,3,2,2,2,3,2,2,2,2,2,2,3,2,2,2,3,2,2,2,2,2,2,2,2,2,3,2,2,2,3,2,2,3,3,2,3,3,2,2,3,3,3
0.66449,3,3,3,2,2,3,2,2,2,2,2,3,2,2,2,3,3,2,2,2,2,2,2,2,2,3,2,3,2,3,2,2,2,2,3,2,3,2,2,3,2,2,3,3,3,2,2,2,3,2,2,2,2,2,2,3,2,2,2,2,2,2,2,2,2,2,2,2,3,3,3,2,2,3,3,2,3,2,3,2,2,3,3,3,2,3,2,2,2,2,2,2,2,2,2,2,2,2,3,3,2,2,3,2,3,2,3,3,3,2,3,2,2,2,3,2,2,2,2,2,2,3,2,2,3,3,2,3,2,2,3,3,3,3,2,3,2,2,3,2,2,2,3,2,2,2,2,2,3,2,2,2,2,2,3,2,2,2,3,3,2,2,2,2,2,2,2,2,3,2,2,2,2,2,3,2,3,2,3,2,2,3,2,3,2,2,2,2,2,2,2,2,2,2,2,3,2,2,2,2,2,2,3,2,3
0.35851,2,2,2,2,2,2,3,2,2,2,2,2,2,2,3,2,3,3,2,2,2,2,2,2,2,2,2,3,2,2,2,2,2,3,3,2,3,2,3,2,2,2,3,2,2,2,2,2,3,2,3,3,2,2,3,2,2,3,3,2,2,2,2,2,2,2,2,2,3,2,3,2,2,3,3,2,3,2,2,2,2,3,3,3,3,3,2,2,3,2,3,2,2,2,2,2,2,2,2,3,2,2,2,3,3,2,2,2,3,3,3,3,2,2,3,2,2,2,2,3,3,3,2,3,3,3,2,3,2,2,2,3,3,3,2,2,3,3,3,2,2,2,2,3,2,2,2,3,2,2,2,2,2,3,3,3,3,3,2,2,2,2,2,2,2,2,2,2,3,2,2,2,2,2,2,3,2,2,2,2,2,3,3,2,2,2,2,3,2,2,2,3,2,2,3,2,2,2,2,2,3,2,3,2,3
0.12334,3,2,3,2,2,2,2,2,2,2,2,2,3,2,3,2,3,2,2,3,2,2,2,2,3,2,2,2,2,3,2,2,2,2,2,2,2,2,2,2,2,3,2,2,3,2,2,2,3,2,2,2,2,2,3,3,2,3,2,3,3,2,2,2,2,2,2,3,3,2,3,3,2,3,3,2,2,3,2,2,2,3,3,3,3,3,2,3,2,2,2,3,2,2,3,3,2,2,2,3,2,2,3,3,2,2,3,3,3,2,3,2,3,2,3,2,2,3,2,2,2,3,3,2,3,3,2,3,3,2,2,3,3,3,2,2,3,3,2,2,3,2,3,2,2,3,2,2,2,2,2,2,2,2,3,3,3,2,2,2,2,3,2,2,2,2,2,2,3,3,2,2,2,3,3,2,3,2,3,2,2,2,2,3,2,2,2,2,2,2,2,2,2,2,2,3,2,2,2,2,3,3,3,2,3
0.84768,3,2,2,2,2,3,3,2,2,2,2,2,3,2,2,2,3,2,3,2,3,2,2,2,2,3,2,3,3,3,2,2,3,2,2,3,3,2,2,2,2,3,3,2,3,2,2,2,3,2,3,2,3,2,2,2,2,2,2,3,2,2,2,2,2,2,2,3,3,3,3,2,2,3,3,2,2,2,3,3,2,2,3,3,2,3,2,3,2,2,3,2,2,2,2,2,2,2,2,3,2,2,2,2,2,2,3,3,3,3,3,3,2,2,3,2,3,2,2,2,2,3,2,2,2,3,2,3,3,2,2,3,3,3,2,2,3,2,2,2,2,1,2,3,2,3,2,2,2,2,2,2,2,3,3,3,2,1,2,3,3,2,2,3,2,2,2,2,2,3,2,2,2,3,2,2,1,2,3,2,2,2,2,2,2,2,2,3,2,1,2,2,2,2,2,2,2,2,2,2,3,2,3,2,3
1.3758,3,1,2,2,2,2,2,2,2,2,2,2,2,2,2,2,3,4,2,2,2,2,2,2,2,2,2,3,3,2,2,2,2,2,2,2,2,2,2,2,2,2,2,2,2,2,2,2,3,2,2,3,3,2,2,2,2,3,2,2,2,2,2,2,2,2,2,2,3,2,3,2,2,3,3,2,2,3,3,2,2,3,1,3,3,3,2,2,3,2,2,2,2,2,3,3,2,2,3,2,2,2,3,5,3,2,2,2,3,3,3,3,3,2,3,2,2,2,2,2,2,3,2,3,2,3,2,3,2,2,2,3,3,3,3,2,3,3,2,2,3,3,2,2,2,3,3,2,3,2,2,2,2,2,3,1,2,2,2,3,2,2,3,3,2,2,2,2,2,2,2,2,2,3,2,2,2,2,2,2,2,3,3,2,2,3,2,3,6,2,2,3,2,2,3,2,2,2,2,2,3,2,3,2,3
0.15277,3,2,2,2,2,3,3,2,2,2,2,3,2,2,2,2,3,2,3,2,2,2,2,2,3,2,2,2,2,2,2,3,3,2,2,2,1,2,3,3,3,2,2,2,3,2,2,2,3,2,2,1,3,3,2,2,2,3,2,3,3,2,2,3,2,2,2,2,3,3,1,2,2,3,3,2,3,2,3,2,2,3,3,3,3,3,2,3,3,2,3,2,2,2,2,1,2,3,3,1,2,2,1,3,2,2,2,2,2,2,1,3,2,2,3,2,2,3,2,3,2,3,2,3,3,2,2,3,2,3,2,3,3,3,2,3,3,2,2,2,2,3,2,2,2,3,3,1,2,2,2,2,2,3,2,3,2,2,2,3,3,2,1,3,2,2,2,2,2,2,2,2,2,3,3,2,2,2,3,2,2,3,2,1,2,3,2,2,2,2,2,2,2,2,2,3,2,2,3,2,2,3,3,2,2
0.34353,3,2,2,3,2,2,1,2,2,2,2,2,3,2,2,2,3,2,2,2,2,2,2,2,2,2,2,3,3,2,2,3,2,2,2,3,3,2,2,2,2,2,3,2,2,2,2,2,3,2,2,2,2,2,3,2,3,3,1,3,2,2,2,2,2,2,3,2,3,3,2,3,2,3,2,2,2,3,3,2,2,3,3,3,3,3,3,2,2,2,3,3,2,2,3,2,2,2,3,3,2,2,3,1,2,2,3,2,3,3,3,3,2,2,3,2,2,3,2,3,3,3,3,3,3,2,2,3,2,2,2,3,3,3,2,2,3,3,2,2,3,3,2,2,2,3,2,2,2,2,2,2,2,3,3,1,3,2,3,3,3,1,2,3,2,3,2,2,3,2,2,2,2,3,2,3,3,2,2,2,2,2,3,2,2,2,2,2,2,3,3,3,3,2,2,2,2,3,2,2,3,2,3,2,3
0.41743,3,3,2,2,2,2,2,2,2,2,2,2,3,2,3,2,3,3,2,2,2,2,2,2,3,2,2,3,3,2,3,2,2,3,3,3,3,2,2,2,3,3,2,2,3,3,2,2,3,2,2,2,3,3,3,3,3,2,2,3,2,2,2,2,2,2,3,3,3,2,2,2,2,3,2,2,2,3,4,1,2,3,3,3,3,3,2,3,2,2,2,2,2,3,2,1,2,2,2,3,2,2,2,2,3,2,2,2,3,3,3,2,2,2,3,2,3,3,3,2,1,3,2,2,2,3,2,3,3,2,2,3,3,3,3,2,3,2,2,2,2,2,3,2,2,3,2,2,2,2,2,2,2,3,3,3,3,2,3,3,2,2,2,3,3,3,2,2,2,3,2,2,2,3,2,2,2,2,3,2,2,3,3,2,2,2,2,3,3,2,2,3,3,2,3,2,2,2,2,2,3,2,3,2,3
0.92414,3,2,2,2,2,3,2,2,2,2,2,3,3,2,2,2,3,3,3,2,2,2,2,3,3,2,2,2,2,2,2,3,2,1,2,2,3,2,2,2,2,2,2,2,3,2,2,2,3,2,2,2,2,3,2,2,2,2,2,2,3,2,2,2,2,2,2,2,3,2,3,2,2,3,3,3,2,3,3,2,2,3,3,3,2,3,3,2,2,2,3,2,2,3,3,3,2,2,3,3,2,2,3,2,2,2,2,2,3,3,3,2,2,2,3,2,2,2,2,2,2,3,3,2,2,3,2,3,2,2,3,3,3,3,2,3,2,3,3,2,2,2,2,2,3,3,3,2,2,2,2,2,2,3,3,3,2,2,3,2,3,2,2,3,3,2,2,3,3,3,2,2,2,3,3,2,2,2,3,2,2,2,2,2,2,2,2,3,2,3,2,2,3,2,2,2,3,2,3,2,3,2,3,2,3
0.17152,3,3,3,2,2,2,2,2,2,2,2,2,2,2,2,2,3,2,3,2,2,2,2,2,2,3,2,3,3,3,3,2,2,2,3,2,3,2,3,3,3,2,2,3,3,2,2,2,3,2,2,3,3,2,3,3,2,3,2,2,3,2,2,2,2,2,2,2,3,3,3,2,2,3,3,2,2,2,3,3,2,3,3,3,3,3,2,3,2,2,3,2,2,3,2,3,2,2,3,2,2,2,2,3,3,2,3,2,3,2,3,2,2,2,3,2,2,2,2,2,3,3,3,2,3,3,2,3,3,2,2,3,3,3,3,3,3,3,2,2,2,3,3,2,2,3,3,2,2,2,2,2,2,2,3,3,2,2,2,2,3,2,3,3,2,3,2,2,2,2,2,2,2,3,2,3,2,2,2,2,2,2,3,3,2,2,2,2,3,3,2,2,2,2,2,2,2,2,2,2,3,2,3,2,3
0.24095,3,2,3,2,2,2,2,2,2,2,2,2,3,2,3,2,3,3,3,2,2,2,2,2,3,2,2,2,2,2,3,2,3,2,3,2,2,2,2,3,2,2,2,2,2,2,2,2,3,2,2,3,2,2,2,2,2,2,2,3,3,2,2,2,2,2,2,2,3,2,3,2,2,3,2,2,3,2,2,2,2,2,3,3,3,3,3,3,2,2,2,2,2,2,3,3,2,3,3,2,2,2,3,2,2,2,2,2,2,2,3,2,3,2,3,2,3,2,3,3,2,3,3,2,2,3,2,3,2,3,2,3,3,3,2,2,3,3,2,2,2,2,2,3,2,3,2,2,2,2,2,2,2,3,2,3,3,2,2,2,2,2,2,3,2,2,2,3,3,2,2,2,2,3,3,3,2,2,3,2,2,2,3,2,2,3,2,3,2,1,2,3,2,2,3,2,3,2,2,2,3,3,3,2,2
0.435,3,2,2,2,2,3,1,2,2,2,2,2,3,2,2,2,3,2,3,2,2,2,2,3,2,3,2,2,3,2,3,3,3,2,3,2,2,2,3,3,2,3,2,2,3,2,2,2,3,2,2,2,3,2,3,2,2,2,2,2,2,2,2,2,2,2,2,2,3,2,3,3,2,3,3,2,3,2,3,2,2,3,3,2,3,3,2,2,2,2,3,2,2,2,3,1,2,3,3,3,2,2,2,2,3,2,2,2,3,3,3,3,2,2,3,2,2,2,2,2,2,3,3,2,2,2,2,3,2,3,2,3,3,3,2,2,3,2,3,2,2,2,3,3,2,3,3,2,2,2,2,2,2,3,2,1,2,2,3,3,3,2,3,3,2,2,2,2,2,2,2,2,2,3,3,1,3,2,1,2,2,2,2,2,2,2,2,3,2,2,2,2,3,2,2,1,3,2,2,2,3,2,3,2,3
0.44306,3,4,3,2,2,3,2,2,2,2,2,2,2,2,3,3,3,3,3,2,2,2,2,2,1,2,2,3,3,3,3,2,2,2,2,2,3,2,2,3,2,2,2,3,3,2,2,2,3,2,2,2,2,2,3,1,2,2,2,2,3,2,2,2,2,2,3,2,3,2,3,2,2,3,2,2,3,3,3,2,2,2,3,3,3,3,2,2,3,2,3,2,2,2,2,1,2,2,3,2,2,2,2,3,2,2,1,2,3,2,3,2,3,2,2,2,3,2,3,3,3,3,3,2,3,2,2,3,2,3,3,3,3,3,2,2,3,3,3,2,2,2,2,3,2,3,2,2,1,2,2,2,2,2,3,3,1,2,3,2,3,2,2,3,2,3,2,2,3,1,2,2,2,3,2,3,2,2,2,2,2,3,2,3,2,2,2,3,3,2,5,2,2,2,3,2,3,2,3,2,3,3,3,2,2
0.50483,3,2,3,2,2,2,3,2,2,2,2,2,2,2,2,3,3,2,1,2,2,2,2,2,3,3,2,3,2,2,2,3,2,2,3,3,2,2,2,3,2,2,2,2,3,2,2,2,3,2,2,3,2,2,2,2,3,3,2,2,2,2,2,2,2,2,1,2,3,3,3,2,2,3,2,2,3,3,3,3,2,2,3,3,3,3,2,2,3,2,3,2,2,2,2,3,2,2,2,2,2,2,2,1,2,2,3,2,3,3,3,3,3,2,3,2,2,2,2,3,3,3,2,2,3,3,2,3,3,2,3,3,3,3,2,2,3,2,3,3,2,3,2,2,2,2,3,3,1,2,2,2,2,2,2,3,2,2,3,3,3,2,2,3,3,2,2,2,2,2,2,2,2,3,2,2,2,3,2,2,2,3,2,2,2,3,2,1,2,2,3,2,2,2,2,2,3,2,3,2,3,2,2,2,3
0.27575,3,3,2,2,2,2,2,2,2,2,2,2,2,2,3,3,3,2,3,2,3,2,2,2,2,2,2,3,2,2,2,3,2,2,3,2,3,2,3,3,2,2,2,2,3,2,2,3,3,2,2,2,3,3,2,3,2,2,2,3,2,2,2,2,2,2,3,2,3,3,3,2,2,3,3,2,3,3,3,3,2,2,3,3,3,3,2,2,3,2,2,3,2,2,2,3,2,3,2,2,2,2,3,3,3,2,3,2,3,2,3,2,3,2,2,2,2,2,2,3,2,3,2,2,2,3,2,3,2,2,2,3,3,3,2,2,2,3,2,1,3,2,2,3,2,3,2,2,2,2,2,2,2,3,3,3,4,2,2,3,2,2,2,3,2,3,2,3,2,3,2,2,2,3,2,2,2,2,2,2,2,2,2,3,2,3,2,2,2,2,2,2,3,2,3,3,2,3,3,2,3,2,3,2,3
0.44824,3,2,3,2,2,3,2,2,2,2,2,2,2,2,2,2,3,3,2,2,2,2,2,2,3,3,2,2,2,2,2,2,3,2,2,2,3,2,3,3,2,3,2,2,2,2,2,2,3,2,2,3,2,2,3,2,3,2,2,2,2,2,2,2,2,2,3,2,3,2,3,2,2,3,2,3,3,2,3,2,2,3,3,3,2,3,2,3,2,2,3,3,2,2,2,3,2,2,3,3,2,2,3,2,2,2,3,2,3,2,3,2,2,2,3,2,3,2,3,3,2,3,3,3,3,3,2,3,3,3,3,3,3,3,2,2,3,2,2,2,3,2,3,2,3,2,2,3,3,2,2,2,2,2,3,3,2,3,3,3,2,3,2,3,2,3,2,2,2,3,2,2,2,3,3,2,2,2,2,2,2,2,3,3,2,2,2,2,2,3,3,3,2,2,3,2,2,2,3,3,3,2,3,2,2
0.085329,3,2,2,2,2,3,3,2,2,2,2,2,3,2,3,2,3,2,2,2,2,2,2,2,2,2,2,3,3,2,3,3,2,2,3,3,3,2,3,3,3,2,2,2,3,2,2,2,3,2,2,2,2,3,3,2,2,2,2,2,3,2,2,2,2,2,2,2,3,2,3,3,2,3,2,2,2,3,3,2,2,3,3,3,3,3,3,3,3,3,3,2,2,3,2,3,2,2,3,2,2,2,2,3,3,2,3,3,2,2,3,2,2,2,2,2,2,3,2,2,3,3,3,2,3,3,2,3,2,3,3,3,3,3,3,2,3,2,2,2,3,3,3,3,3,3,2,2,2,2,2,2,2,3,3,3,3,2,3,2,2,2,2,3,2,2,2,3,2,2,2,2,2,3,2,2,2,2,3,2,2,2,3,3,2,2,2,3,3,3,2,2,3,2,2,2,3,3,2,2,3,2,3,2,3
0.068222,3,3,3,3,2,3,3,2,2,2,2,2,3,2,3,3,3,3,2,2,2,2,2,2,2,2,2,2,3,3,2,2,2,2,2,2,3,2,2,2,3,3,3,2,3,2,2,2,3,2,3,3,3,3,2,2,3,2,2,3,3,2,2,2,2,2,3,2,3,2,3,2,2,3,3,3,2,3,2,2,2,3,3,3,3,3,3,2,3,2,3,2,2,3,2,3,2,2,2,2,2,2,3,3,3,2,3,2,3,2,3,2,2,2,3,2,3,2,2,3,3,3,3,3,2,3,2,3,2,2,3,3,3,3,3,3,3,3,2,2,2,2,2,2,3,3,2,2,2,2,2,2,2,2,3,3,3,3,2,2,2,2,2,3,2,3,2,2,2,2,2,2,2,3,2,2,3,2,2,2,2,3,3,2,2,2,2,3,3,2,3,2,2,2,3,2,2,3,2,2,2,3,3,2,3
0.47542,3,2,2,2,2,3,3,2,2,2,2,2,3,2,2,2,3,3,2,2,2,2,2,3,2,2,2,2,2,2,2,2,3,3,2,2,3,2,2,2,2,2,3,3,2,2,2,2,3,2,2,3,2,3,2,2,3,2,2,2,2,2,2,2,2,2,3,2,3,2,3,3,2,3,2,2,2,2,2,3,2,3,3,3,3,3,3,2,3,2,3,2,2,2,3,3,2,2,3,3,2,2,3,2,3,2,2,3,3,2,3,3,3,2,3,2,2,3,2,3,3,3,2,2,3,3,2,3,2,3,2,3,3,3,2,2,3,2,2,3,2,3,3,3,2,3,2,2,3,3,2,2,2,3,3,3,3,3,2,2,3,2,2,3,2,3,2,3,3,2,2,2,2,3,2,3,2,2,3,2,2,2,2,2,2,2,2,2,2,3,3,2,2,2,2,3,2,3,2,2,2,2,3,2,3
0.25257,3,3,3,2,2,3,3,2,2,2,2,2,2,2,2,3,3,2,2,3,2,2,2,2,3,2,2,2,3,2,2,3,3,3,2,2,2,2,2,2,2,3,2,3,3,2,2,2,3,2,2,3,3,3,2,3,2,3,2,3,2,2,2,2,2,2,2,2,3,2,3,2,2,2,3,3,2,3,3,3,2,3,3,3,3,3,3,2,2,2,3,3,2,2,3,3,2,2,3,2,2,2,2,2,2,2,2,3,3,2,3,2,3,2,3,2,3,2,3,3,3,3,2,3,3,3,2,3,3,3,2,3,3,3,3,3,3,2,2,2,3,2,3,3,3,3,3,3,2,2,2,2,2,3,2,3,3,3,3,3,3,2,3,3,3,2,2,3,3,2,2,2,2,3,2,2,2,2,2,2,2,3,2,3,2,3,2,2,3,3,3,2,2,2,3,2,2,3,3,2,2,3,3,2,3
0.59079,3,3,2,2,2,2,2,2,2,2,2,2,2,2,2,2,3,2,2,2,2,2,2,3,2,3,2,2,3,3,3,2,2,2,3,3,3,2,3,3,3,3,3,3,3,2,2,2,3,2,2,2,2,2,2,3,1,3,3,2,2,2,2,2,2,2,3,2,3,2,3,2,2,2,3,2,3,3,2,3,2,3,3,3,2,3,2,3,2,2,2,3,2,3,2,2,2,3,3,3,2,2,2,2,2,2,2,2,2,3,3,3,2,3,3,2,3,3,2,3,3,3,2,3,3,3,2,3,3,2,3,3,3,3,2,2,3,2,2,2,3,2,3,3,2,3,3,3,3,2,2,2,2,3,3,3,2,3,2,2,2,3,2,3,3,2,2,2,2,3,2,2,2,3,3,2,2,2,3,2,2,2,2,2,2,2,2,3,2,2,2,3,2,2,2,2,2,2,2,3,3,3,3,2,3
0.1178,3,2,2,2,2,2,3,2,2,2,2,2,3,2,3,2,3,2,3,2,2,2,2,3,3,2,2,3,3,2,2,3,2,3,2,3,3,2,2,3,2,3,3,3,2,2,2,2,3,2,2,3,2,3,3,3,3,3,2,3,2,2,2,2,3,2,2,2,3,2,2,2,2,3,3,2,3,2,2,3,2,2,3,3,3,3,3,3,3,2,3,3,2,2,3,3,2,2,3,3,2,2,3,3,2,2,3,3,3,3,3,3,2,2,3,2,3,2,2,2,2,3,3,3,3,3,2,3,2,3,3,3,3,3,3,2,3,2,2,2,3,2,2,2,2,3,2,2,3,2,2,2,2,2,3,3,2,3,2,2,3,3,2,2,2,2,2,2,2,2,2,2,2,3,3,3,2,2,3,2,2,2,2,3,2,2,2,3,2,3,3,2,3,2,3,2,3,2,2,2,3,3,3,2,2
0.71627,3,3,2,2,2,2,2,2,2,2,2,2,3,2,2,2,3,3,3,2,2,2,2,2,2,2,2,2,3,2,3,3,3,3,2,3,3,2,3,3,3,3,2,2,3,2,2,2,3,2,2,2,3,3,2,2,3,3,2,3,3,2,2,2,2,2,2,2,3,3,3,2,2,2,2,3,2,3,3,2,2,3,3,3,2,3,2,3,3,2,3,2,2,2,3,3,2,2,3,2,2,2,3,2,3,2,2,2,3,2,3,3,2,2,3,2,3,2,2,3,3,3,3,2,3,2,2,3,3,3,3,3,3,3,2,3,3,2,2,2,3,2,2,3,2,3,3,3,3,2,2,2,2,3,3,3,2,3,2,2,3,2,2,3,2,2,2,3,3,2,2,2,2,3,2,2,3,2,3,2,2,3,2,3,2,2,2,3,2,2,3,3,3,2,3,2,3,2,2,2,2,3,3,3,3
0.43055,3,2,3,2,2,3,3,2,2,2,2,3,2,2,2,2,3,3,3,2,2,2,2,3,2,3,2,3,3,3,3,2,2,2,3,2,3,2,3,2,2,2,3,3,2,2,2,3,3,2,2,2,3,2,2,3,3,2,2,2,2,2,2,2,2,2,2,2,3,2,3,3,2,3,2,2,3,2,3,3,2,3,3,3,3,3,2,2,3,2,3,2,2,3,2,3,2,3,3,2,2,2,2,1,2,2,3,3,3,3,3,3,2,2,3,2,2,2,2,3,3,3,2,2,3,3,2,3,3,3,3,3,3,3,2,3,3,2,3,2,2,2,2,2,3,3,3,3,4,2,2,2,2,2,3,3,2,3,3,2,2,2,2,3,3,2,2,2,3,2,2,2,2,3,3,2,2,2,2,2,2,2,3,3,2,2,2,2,2,3,3,2,3,2,2,2,2,2,2,2,3,3,3,2,3
0.40282,3,2,3,3,2,3,3,2,2,2,2,3,2,2,2,2,3,3,2,2,3,2,2,3,2,3,2,3,3,2,3,3,3,3,3,3,2,2,5,3,2,3,2,2,3,2,2,2,3,2,3,2,3,2,2,2,2,2,2,2,3,2,2,2,2,2,2,2,3,3,3,2,2,3,3,2,4,2,2,3,2,3,3,3,3,3,3,3,3,3,3,2,2,3,3,3,2,2,3,3,2,2,3,3,2,2,3,2,3,3,3,3,3,2,3,2,2,3,3,2,2,3,3,3,3,3,2,3,3,2,2,3,3,3,2,3,3,3,3,3,2,2,3,3,3,3,3,3,2,3,2,2,2,3,3,3,3,2,2,3,3,2,2,3,2,3,2,2,2,3,2,2,2,3,2,2,2,2,2,2,3,3,3,3,2,2,2,3,2,3,3,3,2,2,3,2,2,3,2,2,3,3,3,2,3
0.6411,3,3,2,2,2,2,2,2,2,2,2,3,3,2,3,2,3,3,1,2,2,2,2,2,2,3,2,3,3,3,3,3,2,3,3,3,3,2,2,2,3,2,2,2,3,2,2,2,3,2,2,2,2,3,3,3,3,3,3,3,2,2,2,2,2,2,2,2,3,3,3,3,2,3,3,2,2,2,3,2,2,3,3,3,3,3,2,3,3,2,2,3,2,2,3,3,2,3,3,3,2,2,3,4,3,2,2,3,3,2,3,2,3,3,3,2,2,3,3,3,3,3,2,2,3,3,2,3,3,2,3,3,3,3,3,3,3,3,3,3,2,3,1,2,2,3,2,3,3,2,2,2,2,2,3,3,3,3,2,3,3,2,3,3,2,2,2,2,2,3,2,2,2,3,2,3,2,2,2,2,3,3,2,2,2,4,2,2,2,2,2,2,2,2,3,2,3,2,3,3,3,3,3,3,3
0.62732,3,2,2,2,2,3,5,2,2,2,2,3,3,2,2,2,3,3,2,2,2,2,2,3,3,3,2,2,3,2,3,3,2,3,3,3,2,2,2,3,3,2,2,3,3,2,2,2,3,2,2,2,3,2,2,2,3,3,3,2,2,2,2,2,2,2,2,3,3,3,3,3,2,3,3,2,3,3,3,3,2,3,3,3,3,3,3,3,3,3,2,3,2,2,3,3,2,2,3,2,2,2,3,3,2,2,2,2,3,2,3,2,3,2,3,2,3,3,2,3,2,3,3,3,2,3,2,3,3,3,2,3,3,3,3,3,3,3,3,3,3,3,3,2,2,3,2,2,2,2,2,2,2,2,3,3,3,3,2,3,3,3,3,3,3,3,2,3,3,2,2,2,2,3,3,2,2,2,3,2,3,3,2,2,2,3,2,3,3,1,2,3,3,2,3,2,2,3,2,3,3,2,3,3,3
0.29867,3,3,3,2,2,3,3,2,2,2,2,2,3,3,2,2,3,3,3,2,2,2,2,3,3,3,2,2,3,4,3,3,3,2,3,2,3,2,3,3,3,3,2,3,3,2,2,3,3,2,3,3,2,2,3,2,2,3,3,2,2,2,2,2,2,2,3,3,3,3,2,3,2,3,3,3,3,3,3,3,2,3,3,3,3,3,2,2,2,2,3,3,2,2,2,2,2,3,3,2,2,2,2,3,2,2,3,2,3,2,3,2,3,3,3,2,2,3,4,2,3,3,2,2,3,3,2,3,2,3,3,3,3,3,3,2,3,3,3,3,2,2,3,2,3,3,2,3,2,3,2,2,2,3,2,3,3,3,3,3,2,3,3,3,2,1,2,2,3,2,2,2,2,3,3,3,3,2,3,2,3,3,3,3,2,2,2,2,3,3,2,2,2,2,3,3,3,3,2,3,3,3,3,2,3
0.31194,3,3,3,3,2,3,2,2,2,2,2,3,2,3,3,3,3,3,2,2,2,2,2,2,3,2,2,3,2,2,2,3,2,4,3,2,3,2,3,1,2,2,2,3,3,2,2,2,3,2,2,3,3,1,3,2,2,2,3,2,3,2,2,2,2,2,3,2,3,2,2,2,2,3,3,2,3,2,3,2,2,2,3,3,3,3,3,2,3,2,3,2,2,3,3,2,2,2,3,2,2,2,3,3,3,2,2,2,3,2,3,3,3,2,3,2,3,3,3,3,2,3,3,2,3,3,2,3,3,2,2,3,3,3,3,3,3,2,2,3,2,3,3,2,3,3,2,3,2,2,2,2,2,2,3,2,2,2,3,3,3,3,3,3,3,2,2,3,3,2,2,2,2,3,3,2,3,2,3,2,3,2,3,2,2,2,2,3,3,2,2,2,2,2,3,2,3,3,3,2,2,2,3,3,3
0.17225,3,3,3,2,2,3,2,2,2,2,2,2,2,2,2,3,3,3,2,2,2,2,2,3,2,3,2,3,3,3,2,2,3,3,2,3,3,2,3,3,2,2,3,3,2,2,2,2,3,2,2,3,3,2,3,2,2,2,3,2,3,2,2,2,2,2,3,3,3,3,3,3,2,3,3,3,2,2,3,2,2,3,3,3,3,3,2,2,3,2,3,3,2,2,3,2,2,3,3,3,2,2,3,3,3,2,2,3,3,2,3,3,2,3,3,2,3,3,3,2,3,3,3,2,3,2,2,3,2,2,2,3,3,3,3,3,3,2,3,2,2,3,2,3,2,3,3,2,3,2,2,2,2,3,3,2,3,2,2,3,2,2,3,3,2,3,2,2,3,3,2,2,2,2,3,3,3,2,2,2,3,2,3,3,2,3,2,3,2,2,2,3,2,2,3,2,3,3,2,3,3,3,3,3,3
0.14461,3,2,2,3,2,3,3,2,2,2,2,3,2,3,3,2,3,3,3,3,2,2,2,3,3,3,2,3,2,2,2,3,3,3,3,3,3,2,2,2,2,3,3,2,3,2,2,2,3,2,3,3,2,3,3,3,3,3,3,2,2,2,2,2,2,2,3,3,3,2,2,2,3,3,2,3,2,2,3,3,2,3,3,3,3,3,3,3,2,2,3,3,2,3,2,2,2,2,3,3,2,2,3,3,2,2,2,3,3,3,3,3,3,2,3,2,2,3,3,3,2,3,3,2,3,3,2,3,3,3,2,3,3,3,2,3,3,3,3,2,2,3,2,2,3,3,2,2,3,2,2,2,2,3,3,2,3,3,3,3,3,2,2,2,3,3,2,3,3,2,2,2,2,2,2,3,2,3,3,2,2,2,2,2,2,3,2,2,2,3,2,2,3,2,3,3,3,3,2,2,3,2,3,3,3
0.29083,3,3,3,2,2,2,3,2,2,2,2,3,3,2,2,2,3,3,3,2,2,2,2,3,3,2,2,2,2,3,2,3,3,3,3,2,2,2,2,3,2,3,3,2,3,2,2,3,3,2,3,2,2,3,2,2,2,2,2,3,2,2,2,2,2,2,2,2,3,2,3,2,2,3,3,2,3,3,2,3,2,3,3,3,3,3,3,2,2,2,3,3,2,3,2,2,2,2,3,2,2,2,2,2,2,2,3,2,3,3,3,2,2,2,3,2,3,3,3,3,3,3,3,3,3,3,2,3,3,3,3,3,3,3,2,2,3,2,3,2,3,2,2,3,3,3,2,3,3,2,2,2,2,3,3,3,2,2,2,2,2,2,2,3,2,2,2,2,3,2,2,2,2,3,2,3,2,2,3,2,3,3,2,3,2,2,2,2,2,3,3,3,2,2,2,3,3,2,3,3,3,3,2,2,3
0.25822,3,2,3,2,2,2,2,2,2,2,2,2,3,2,2,2,3,3,3,2,2,2,2,2,2,3,2,2,3,3,2,2,3,3,3,2,3,2,2,3,2,2,2,2,2,2,2,2,3,2,2,2,2,2,2,3,2,2,3,2,2,2,2,2,2,2,2,3,3,2,2,3,2,3,3,3,3,3,3,2,2,3,3,3,3,3,2,2,3,2,2,2,2,3,2,2,2,2,3,2,2,2,3,3,3,2,2,3,3,3,3,2,2,2,3,2,2,2,3,2,3,3,2,2,3,3,2,3,3,3,3,3,3,3,2,2,3,3,3,3,3,3,2,2,2,3,3,2,2,2,2,2,2,3,3,2,2,3,3,3,2,2,3,3,2,2,2,3,2,2,2,2,2,2,2,2,2,2,3,2,3,2,2,2,2,3,2,3,2,2,3,2,2,2,2,2,2,3,2,2,2,2,3,2,3
0.3069,3,3,2,2,2,3,2,2,2,2,2,2,3,2,2,3,3,3,3,2,2,2,2,2,2,2,2,2,2,2,2,3,3,2,3,3,2,2,3,3,2,2,3,2,2,2,2,2,3,2,2,3,2,2,3,3,2,2,2,2,3,2,2,2,2,2,3,3,3,2,3,2,2,3,3,2,3,3,3,3,2,3,3,3,3,3,2,2,3,2,3,2,2,2,2,2,2,3,3,2,2,2,2,3,3,2,3,2,3,3,3,2,3,2,3,2,2,2,2,2,2,3,2,2,3,3,2,3,2,3,2,3,3,3,2,3,3,3,2,2,3,2,3,2,2,3,2,2,2,2,2,2,2,2,3,2,2,2,3,2,2,3,3,3,3,3,2,2,2,3,2,2,2,2,3,3,2,2,3,2,3,2,3,3,2,3,2,2,3,2,3,2,2,2,3,2,3,2,2,2,2,3,3,2,3
0.15422,3,3,3,3,2,2,2,2,2,2,2,3,2,3,3,3,3,3,3,2,2,2,2,2,3,3,2,3,3,2,2,2,2,2,3,3,3,2,2,2,3,2,3,2,3,2,2,2,3,2,2,2,3,2,2,3,2,2,3,2,2,2,2,2,2,2,2,3,3,2,3,3,2,3,3,2,2,3,3,3,2,3,3,2,2,3,3,2,3,2,2,2,2,3,2,3,2,3,2,2,2,2,2,2,2,2,3,2,3,2,3,3,3,2,3,2,3,2,3,3,3,3,2,2,3,3,2,3,3,3,2,3,3,3,3,2,3,3,3,2,3,2,2,2,3,3,2,2,3,2,2,2,2,2,3,2,3,2,2,3,2,2,3,2,3,3,2,3,2,3,2,2,2,3,2,3,3,2,3,2,3,2,2,3,2,2,2,3,3,3,2,2,2,2,3,2,3,2,2,3,3,2,3,3,3
0.19202,3,2,3,2,2,2,2,2,2,2,2,2,2,3,3,3,2,2,3,2,2,2,2,2,2,2,2,2,3,3,2,3,3,3,2,2,2,2,2,2,3,3,2,2,3,2,2,2,3,2,3,2,2,3,2,2,3,2,2,3,3,2,2,2,2,2,2,2,3,3,2,2,2,3,3,2,3,2,3,2,2,3,3,3,3,3,2,2,2,2,2,3,2,3,2,2,2,3,2,2,2,2,3,3,3,2,2,2,3,2,3,2,3,2,3,2,2,2,2,2,2,3,3,2,3,3,2,3,2,3,2,3,3,3,3,2,3,3,2,3,3,2,3,3,3,2,2,3,3,2,2,2,2,2,3,2,2,3,3,3,2,3,3,3,3,2,2,3,2,2,2,2,2,2,2,2,3,2,2,2,3,2,3,2,2,2,2,3,2,2,3,3,3,2,2,3,3,2,2,2,3,2,3,2,3
0.269,3,2,2,2,2,3,2,2,2,2,2,3,3,2,2,2,3,3,2,2,2,2,2,2,2,3,2,2,2,2,2,2,2,2,2,3,3,2,3,3,2,2,2,2,2,2,2,2,3,2,2,2,2,2,2,2,2,2,2,2,3,2,2,2,2,2,3,3,3,3,3,3,2,3,3,3,3,3,2,2,2,3,3,3,2,3,2,2,2,2,3,2,2,2,2,2,2,2,3,3,2,2,2,2,3,2,2,2,3,2,3,2,3,3,3,2,2,2,3,2,2,3,3,2,3,3,2,2,3,2,2,3,3,3,3,3,3,3,3,2,2,2,3,3,2,3,3,2,2,2,2,2,2,3,3,2,2,2,3,2,2,2,3,2,2,2,2,2,2,3,2,2,2,2,2,2,2,2,3,2,3,2,2,2,2,2,2,2,2,3,2,2,3,2,2,2,2,2,2,3,3,2,3,3,3
0.24678,3,2,2,2,2,3,2,2,2,2,2,2,2,2,2,3,3,3,3,2,2,2,2,2,3,3,2,2,2,2,2,2,3,2,3,3,3,2,2,3,2,2,3,3,2,2,2,2,3,2,2,2,2,3,2,3,2,2,2,3,2,2,2,2,2,2,3,3,3,3,3,2,2,3,3,3,2,2,2,2,2,3,3,2,3,3,2,2,2,2,2,2,2,3,2,2,2,2,2,3,2,2,2,2,2,2,3,2,3,2,3,2,2,2,3,2,2,3,2,2,2,3,2,2,3,3,2,3,2,2,2,3,3,3,3,3,3,2,3,2,2,3,3,2,3,3,2,3,2,2,2,2,2,2,3,2,2,3,2,2,2,3,2,2,2,2,2,2,2,3,2,2,2,2,3,3,3,2,3,2,2,3,2,3,2,2,2,2,2,3,3,3,3,2,2,2,2,2,3,2,3,2,3,2,3
0.44861,3,2,2,2,2,2,3,2,2,2,2,2,3,2,2,3,3,3,2,2,2,2,2,3,3,2,2,3,2,2,2,3,2,2,2,2,2,2,2,2,2,2,2,3,3,2,2,2,3,2,2,2,2,2,2,2,2,2,2,2,2,2,2,2,2,2,2,3,3,2,3,2,2,3,3,3,2,2,3,2,2,3,3,3,2,3,2,3,2,2,3,2,2,2,2,2,2,3,3,2,2,2,3,2,3,2,2,3,3,2,3,3,3,2,3,2,2,2,2,2,2,3,2,2,2,3,2,2,3,2,3,3,3,3,2,3,3,3,3,3,2,2,2,3,3,3,2,2,2,2,2,2,2,2,3,2,3,3,3,3,3,2,2,3,2,2,2,2,2,3,2,2,2,2,3,2,3,2,3,2,2,2,2,2,2,2,2,3,3,3,2,3,3,2,2,2,3,3,2,2,3,2,2,2,3
0.52493,3,2,3,2,2,3,2,2,2,2,2,2,3,2,2,2,3,2,3,2,2,2,2,3,3,3,2,2,2,3,2,2,2,2,2,2,3,2,2,3,2,3,3,3,3,2,2,2,3,2,2,2,2,2,2,2,2,3,2,3,3,2,2,2,2,2,3,3,3,3,3,2,2,3,3,2,2,2,3,2,2,3,3,3,3,3,2,3,2,2,3,3,2,2,2,3,2,2,3,2,2,2,3,2,2,2,2,2,2,3,3,3,2,2,3,2,3,2,2,2,2,3,3,2,2,2,2,2,3,2,3,3,3,3,3,2,3,3,3,2,2,3,3,3,2,3,3,2,2,2,2,2,2,3,3,3,2,2,3,2,2,3,3,3,3,2,2,2,2,3,2,2,2,3,3,3,3,2,2,2,3,2,2,3,2,3,2,2,3,3,2,2,3,2,2,2,3,2,3,2,3,3,3,3,3
0.65863,3,2,2,2,2,2,2,2,2,2,2,3,3,2,2,3,3,3,3,2,2,2,2,3,3,3,2,2,3,2,2,2,2,3,3,3,3,2,3,2,2,2,2,3,3,2,2,2,3,2,3,2,2,2,2,3,3,3,3,2,2,2,2,2,2,2,2,2,3,3,3,3,2,3,3,2,2,2,3,2,2,3,3,2,3,3,3,2,3,2,3,2,2,2,2,3,2,3,3,3,2,2,3,3,3,2,2,2,3,2,3,2,2,2,3,2,3,2,2,2,2,3,2,3,2,3,2,3,2,3,2,3,3,3,3,3,3,3,2,2,2,2,2,2,2,3,2,3,3,2,2,2,2,2,3,3,2,3,1,3,2,3,2,2,2,3,2,1,2,3,2,2,2,2,2,2,2,2,2,2,2,2,2,3,2,3,2,2,2,3,2,2,2,2,2,1,2,2,3,2,3,2,3,2,3
0.067208,3,2,2,2,2,2,3,2,2,2,2,3,2,2,2,2,3,3,2,2,2,2,2,3,2,3,2,2,2,3,2,2,2,2,2,2,3,2,2,2,2,3,2,2,2,2,2,2,3,2,2,3,3,3,3,2,2,2,3,3,2,2,2,2,2,2,2,2,3,2,3,3,2,3,3,2,2,2,2,2,2,3,3,2,3,3,2,3,2,2,3,3,2,2,2,3,2,3,3,3,2,2,2,2,2,2,2,3,2,2,3,2,3,2,3,2,3,2,2,2,2,3,2,2,3,3,2,2,3,3,2,3,3,3,3,3,3,2,3,2,2,3,3,2,2,3,3,3,3,2,2,2,2,2,3,3,2,3,2,2,2,2,2,3,3,2,2,2,3,2,2,2,2,3,2,3,2,2,2,2,2,2,3,3,2,2,2,2,3,3,3,3,2,2,2,3,2,2,2,2,3,2,3,2,3
0.21866,3,2,2,2,2,2,3,2,2,2,2,2,2,3,2,2,3,2,2,2,2,2,2,2,3,2,2,2,3,3,3,3,3,2,2,2,2,2,3,2,2,2,2,2,2,2,2,2,3,2,2,2,3,2,3,3,3,3,2,2,2,2,2,3,2,2,2,2,3,2,2,2,2,3,3,3,2,2,3,3,2,3,3,3,3,3,3,3,2,2,2,2,2,2,3,3,2,2,3,2,2,2,2,3,2,2,2,2,2,3,3,2,2,2,3,2,2,2,2,2,2,3,2,3,2,3,2,3,2,2,3,3,3,3,2,3,3,2,2,2,2,2,2,3,3,3,2,2,3,2,2,2,2,2,3,3,2,3,3,3,3,3,2,3,2,2,2,3,2,2,2,2,2,3,2,3,2,2,2,2,2,3,2,2,2,2,2,3,2,2,3,2,2,2,3,2,2,3,2,3,3,2,2,3,3
0.099817,3,2,2,2,2,2,2,2,2,2,2,2,2,3,2,2,3,2,2,2,2,2,2,2,2,3,2,2,3,2,2,3,2,3,3,2,2,2,3,2,3,3,3,3,3,2,2,2,3,2,2,2,2,2,3,3,2,2,3,2,2,2,2,2,2,2,3,3,3,3,3,2,2,3,3,2,2,2,3,2,2,3,3,3,3,3,2,3,2,2,3,2,2,2,3,2,2,3,3,3,2,2,2,3,2,2,2,2,3,2,3,3,2,2,3,2,3,3,2,2,2,3,2,3,3,2,2,3,2,3,3,3,3,3,2,2,3,2,2,3,3,2,2,3,3,3,3,3,3,2,2,2,2,3,2,3,3,3,2,2,3,2,2,3,2,3,2,3,2,2,2,2,2,3,3,2,3,2,2,2,2,2,3,2,2,2,2,2,2,3,2,2,2,2,2,2,3,3,3,3,3,3,2,3,3
0.23913,3,3,2,2,2,2,3,2,2,2,2,2,2,3,2,2,3,3,2,2,2,2,2,2,3,2,2,3,3,2,2,2,3,3,2,3,3,2,3,2,2,2,2,2,3,2,2,2,3,2,3,2,3,2,3,3,2,2,3,2,2,2,2,2,2,2,3,3,3,2,3,3,2,3,2,3,2,2,3,3,2,3,3,3,3,3,2,3,2,3,2,2,2,3,3,3,2,2,3,2,2,2,2,2,3,2,3,2,3,3,3,2,3,2,3,2,3,3,2,2,3,3,3,2,3,3,2,3,2,2,3,3,3,3,3,2,3,2,2,3,2,3,3,2,2,2,2,3,3,2,2,2,2,2,3,3,3,3,2,3,2,3,2,3,3,2,2,3,3,3,2,2,2,3,2,2,2,2,3,2,3,2,2,2,2,3,2,2,3,3,3,2,3,2,2,2,3,2,2,3,2,3,3,3,3
0.54893,3,3,3,2,2,2,3,2,2,2,2,2,3,2,3,2,3,2,3,2,2,2,2,2,3,2,2,3,3,2,3,3,3,2,3,2,2,2,3,2,3,3,2,2,2,2,2,2,3,2,2,2,2,2,3,3,2,3,2,2,3,2,2,2,2,2,3,3,3,3,3,2,2,3,3,3,2,3,3,3,2,3,3,2,3,2,2,2,3,2,2,2,2,3,3,3,2,2,3,3,2,2,2,2,2,2,2,2,3,3,3,3,2,3,3,2,2,2,2,2,2,3,2,3,3,3,2,3,2,2,3,3,3,3,2,2,3,2,2,3,2,2,3,2,2,3,2,2,2,2,2,2,2,2,3,3,3,2,3,3,2,2,3,3,2,2,2,2,3,2,2,2,2,3,2,2,2,2,2,2,2,2,2,3,2,3,2,2,3,3,3,2,2,2,2,3,3,2,2,3,2,2,3,3,2
0.21995,3,3,3,2,2,2,3,2,2,2,2,2,2,3,3,3,3,2,3,2,2,2,2,2,2,2,2,2,3,3,3,3,2,2,3,2,2,2,2,2,2,2,2,2,3,2,2,2,3,2,2,2,2,2,2,2,3,2,3,2,2,2,2,2,2,2,2,2,3,2,3,2,2,2,3,2,3,2,2,3,2,3,3,3,3,2,2,2,2,2,2,2,2,2,3,3,2,2,3,2,2,2,2,3,2,2,2,2,3,2,3,2,2,2,3,2,2,3,2,3,2,3,2,2,3,2,2,3,3,3,2,3,3,2,2,2,2,2,2,2,3,2,2,2,3,3,3,2,2,2,2,2,2,2,2,3,2,2,2,2,2,3,2,3,2,3,2,3,2,2,2,2,2,3,2,2,3,2,3,2,3,3,2,2,2,2,2,2,2,3,3,2,2,2,2,2,2,2,2,3,3,3,3,3,2
0.091912,3,2,3,2,2,3,2,2,2,2,2,2,2,3,2,3,3,2,2,2,2,2,2,3,2,2,2,3,3,2,2,2,2,3,2,2,2,2,2,2,2,2,2,2,3,2,2,2,3,2,2,3,2,3,2,3,3,2,2,3,2,2,2,2,2,2,3,2,3,2,3,3,2,3,3,2,2,2,3,2,2,2,3,2,3,3,2,2,3,2,2,2,2,2,3,3,2,2,3,2,2,2,2,2,2,2,2,3,2,3,3,3,3,2,2,2,2,3,2,2,2,3,2,2,3,3,2,3,3,2,3,3,3,3,3,2,3,3,2,2,3,3,2,3,3,3,3,2,2,2,2,2,2,2,3,3,2,2,2,3,2,2,2,3,3,2,2,2,2,2,2,2,2,3,2,3,2,2,2,2,2,3,3,2,2,2,2,2,2,2,2,3,2,2,2,2,2,3,2,2,3,2,3,2,3
0.75905,3,2,3,2,2,2,3,2,2,2,2,2,2,2,2,2,3,3,2,2,2,2,2,3,2,2,2,2,2,3,3,2,3,2,2,3,3,2,2,2,2,3,2,3,3,2,2,3,3,2,2,2,2,3,2,3,2,3,2,2,2,2,2,2,2,2,3,2,3,3,3,2,2,3,3,3,2,2,3,3,2,3,3,2,3,3,2,2,2,2,2,3,2,2,2,3,2,3,3,3,2,2,3,2,3,2,3,2,3,2,3,3,2,3,2,2,2,3,2,2,2,3,2,2,3,3,2,3,2,3,3,3,3,3,3,2,3,2,2,2,3,2,2,3,2,3,2,3,3,2,2,2,2,2,3,3,3,3,2,3,2,2,2,3,2,2,2,2,2,3,2,2,2,3,2,2,2,2,2,2,2,2,2,2,2,3,2,3,3,3,2,3,3,2,3,3,2,2,2,2,3,2,3,2,3
0.69037,3,3,2,2,2,3,2,2,2,2,2,3,3,2,2,2,3,3,3,2,3,2,2,2,3,2,2,3,3,2,2,3,2,2,2,3,3,2,2,2,2,3,2,2,3,2,2,2,3,2,2,3,3,3,2,2,2,3,2,2,3,2,2,2,2,2,2,2,3,3,3,2,2,3,3,2,2,2,3,2,2,3,3,2,3,3,2,2,3,2,2,2,2,2,3,3,2,3,3,3,2,2,2,2,2,2,2,2,2,2,3,2,3,2,3,2,3,2,2,3,3,3,2,3,3,3,2,3,2,3,3,3,3,3,3,2,3,2,2,2,2,3,2,2,2,3,2,2,3,2,2,2,2,2,3,3,3,2,2,3,3,2,2,3,3,3,2,2,2,2,2,2,2,3,2,2,3,2,2,2,2,3,2,2,2,2,2,3,3,2,3,2,2,2,2,2,3,2,2,3,2,2,3,2,3
0.28624,3,2,2,2,2,3,2,2,2,2,2,3,3,2,2,3,3,3,3,3,2,2,2,2,3,3,2,2,3,3,3,3,2,3,2,2,3,2,3,2,3,2,3,2,3,2,2,2,3,2,3,3,2,2,2,3,2,3,3,2,2,2,2,2,3,2,2,3,3,2,3,2,2,2,3,2,2,2,3,2,2,3,3,3,3,3,3,3,2,2,2,3,2,3,3,3,2,2,3,2,2,2,2,3,2,2,2,2,3,2,3,2,2,2,3,2,2,2,2,2,2,3,3,2,3,3,2,3,2,2,3,3,3,3,2,2,3,2,3,2,3,2,3,2,3,3,3,3,2,2,2,2,2,3,3,3,3,3,3,3,3,3,2,2,2,2,2,3,3,2,2,2,2,3,3,2,2,2,3,2,2,3,2,3,2,3,2,2,3,2,3,2,2,2,2,3,2,3,3,3,3,2,3,3,3
0.17026,3,3,3,2,2,3,3,2,2,2,2,2,3,3,3,3,3,3,2,2,2,2,2,3,2,2,2,2,3,2,3,3,2,3,3,3,3,2,2,2,2,2,3,2,2,2,2,2,3,2,2,3,2,2,2,2,2,3,2,3,3,2,2,2,2,2,2,2,3,2,3,3,2,3,3,3,2,3,3,3,2,3,3,3,3,3,2,3,3,2,2,3,2,2,3,3,2,2,3,3,2,2,3,2,3,2,2,2,3,3,3,3,2,2,3,2,2,2,2,2,3,3,2,2,3,3,2,3,3,2,2,3,3,3,3,2,2,3,3,3,2,3,3,3,2,3,3,2,3,2,2,2,2,2,2,3,3,3,2,3,2,3,3,3,2,2,2,2,2,2,2,2,2,3,2,3,2,2,3,2,3,2,3,3,2,2,2,2,2,2,3,2,2,2,3,2,2,3,3,2,3,2,3,3,3
0.25905,3,3,3,2,2,2,3,2,2,2,2,2,2,3,2,3,3,3,2,2,2,2,2,2,2,2,2,2,2,3,2,3,2,3,2,3,2,2,2,2,2,3,2,3,2,2,2,2,3,2,2,3,3,2,2,2,2,2,3,3,3,2,2,2,2,2,3,3,3,2,3,3,2,3,3,3,2,2,2,2,2,2,3,3,3,3,2,2,3,2,3,2,2,3,2,3,2,2,3,2,2,2,2,2,2,2,3,3,3,2,3,3,3,2,3,2,3,2,2,2,3,3,2,2,2,3,2,3,2,3,2,3,3,3,2,3,3,3,2,3,3,3,3,2,2,3,3,2,2,2,2,2,2,3,2,3,2,2,2,3,3,3,3,3,2,2,2,3,3,2,2,2,2,3,2,2,2,2,3,2,3,3,2,3,2,3,2,2,2,2,2,2,2,2,2,2,2,2,2,3,3,2,3,3,3
0.053276,3,3,3,2,2,2,2,2,2,2,2,2,3,3,2,2,3,2,3,2,2,2,2,2,2,2,2,3,3,2,2,2,3,2,2,2,3,2,3,3,3,2,2,2,2,2,2,2,3,2,3,3,2,2,2,3,2,3,3,3,2,2,2,2,2,2,3,3,3,2,3,2,2,3,3,3,2,3,3,3,2,3,3,3,3,3,3,2,2,2,2,3,2,2,3,3,2,3,3,2,2,2,2,2,2,2,2,2,3,2,3,3,3,2,3,2,3,2,2,3,2,3,2,2,2,3,2,3,2,2,2,3,3,3,3,2,2,2,2,2,2,2,2,3,3,3,2,2,2,3,2,2,2,2,3,3,3,2,2,2,2,3,3,2,2,3,2,2,2,2,2,2,2,3,3,3,3,2,2,2,3,3,2,3,2,2,2,2,3,3,2,3,2,2,2,3,2,3,3,3,3,2,3,3,3
0.14558,3,3,2,2,2,3,3,2,2,2,2,2,2,3,3,2,3,3,3,2,3,2,2,3,2,2,2,2,3,2,2,2,3,2,2,2,3,2,2,2,3,2,2,3,3,2,2,2,3,2,2,2,3,3,3,2,2,3,3,2,3,2,2,2,2,2,2,3,3,2,3,2,2,3,3,2,2,2,3,2,2,3,3,3,3,3,2,3,2,3,3,3,2,3,3,3,2,2,3,2,2,2,2,2,3,2,2,2,3,2,3,3,2,2,3,2,3,2,2,2,3,3,3,2,2,2,2,3,2,3,2,3,3,3,3,3,3,2,3,2,2,2,2,2,2,3,3,2,3,2,2,2,2,3,3,3,2,3,2,2,3,3,2,3,3,3,2,2,2,2,2,2,2,3,3,2,3,2,2,2,3,2,2,3,2,2,2,3,2,3,3,2,3,2,2,3,2,2,2,3,3,3,3,3,3
0.32706,3,3,3,2,2,3,2,2,2,2,2,2,2,3,3,3,3,3,2,3,2,2,2,2,2,3,2,3,3,2,3,3,3,3,3,2,3,2,3,2,2,3,3,2,3,2,2,2,3,2,2,2,2,3,3,2,2,2,3,3,3,2,2,2,2,2,3,3,3,3,3,3,2,2,3,3,3,3,2,2,2,2,3,3,3,3,2,2,3,2,3,2,2,2,2,3,2,3,3,2,2,2,3,2,2,2,2,2,2,3,3,2,3,2,3,2,2,2,3,2,3,3,3,2,2,2,2,2,2,3,2,3,3,3,3,2,3,3,2,3,3,3,3,3,2,3,2,2,2,2,2,2,2,3,2,3,2,3,2,3,2,3,3,3,3,2,2,2,2,2,2,2,2,3,2,2,2,2,2,2,3,2,3,2,2,3,2,2,2,2,3,3,3,2,3,3,3,2,2,3,2,2,3,3,2
0.72003,3,3,2,2,2,3,2,2,2,2,2,3,3,3,3,2,3,3,2,2,2,2,2,2,2,2,2,3,2,2,3,2,2,2,2,3,3,2,3,3,3,3,2,3,2,2,2,2,3,2,2,2,2,2,2,2,2,3,3,2,3,2,2,2,2,2,3,3,3,2,3,3,2,2,2,2,2,2,3,2,2,3,3,3,3,3,2,3,3,2,2,3,2,3,2,3,2,3,3,3,2,2,2,2,3,2,2,2,2,2,3,2,2,3,3,2,3,2,2,3,2,3,3,2,3,2,2,3,2,3,3,3,3,3,2,2,3,3,2,2,3,2,3,3,2,3,3,3,3,2,2,2,2,2,3,3,3,3,2,3,2,3,3,3,2,2,2,2,2,2,2,2,2,3,3,2,2,2,2,2,3,3,2,2,2,2,2,3,2,2,3,2,3,2,3,3,2,3,3,2,3,3,3,3,3
0.15569,3,2,2,2,2,2,2,2,2,2,2,2,3,2,2,2,3,3,2,2,2,2,2,2,2,2,2,2,2,2,3,2,3,3,2,3,3,2,2,2,2,3,2,3,2,2,2,2,3,2,2,3,2,2,2,3,2,2,3,2,3,2,2,2,2,2,2,2,3,3,2,2,2,3,3,3,2,3,2,2,2,3,3,3,3,3,3,2,3,2,2,2,2,3,2,3,2,2,3,2,2,2,2,3,2,2,2,2,3,2,3,2,3,2,3,2,3,2,3,2,3,3,2,2,3,3,2,3,3,2,2,3,3,3,3,3,3,2,2,3,2,2,3,2,2,3,3,2,2,2,2,2,2,3,3,3,2,3,2,2,2,3,3,3,2,3,2,2,2,2,2,2,2,3,3,3,3,2,2,2,3,2,3,3,2,2,2,2,3,3,2,3,2,2,3,3,2,3,2,2,3,2,3,2,3
0.14457,3,2,2,2,2,2,2,2,2,2,2,2,2,2,2,3,3,3,3,2,2,2,2,3,2,2,2,3,2,2,3,2,2,3,3,2,3,2,3,3,2,2,2,2,2,2,2,2,3,2,2,2,2,2,2,3,2,3,2,2,2,2,2,2,2,2,2,2,3,2,3,3,2,3,3,3,2,2,3,2,2,3,3,3,3,3,2,3,3,2,2,3,2,3,2,3,2,3,3,2,2,2,3,2,3,2,2,2,3,2,3,2,3,2,3,2,2,3,3,3,2,3,2,2,2,3,2,3,2,3,2,3,3,3,3,2,2,2,2,3,2,3,2,3,3,3,2,3,3,2,2,2,2,2,3,2,3,3,3,2,2,2,3,3,2,2,2,3,2,3,2,2,2,3,2,3,3,2,2,2,2,2,3,2,2,2,2,2,2,2,2,3,2,2,2,3,3,2,2,2,3,2,3,2,3
0.18153,3,2,3,2,2,2,2,2,2,2,2,2,3,2,3,2,3,3,3,2,2,2,2,3,3,3,2,3,3,3,2,2,2,2,2,2,3,2,2,3,3,2,2,3,2,2,2,2,3,2,2,3,3,3,2,2,2,3,3,2,2,2,2,2,2,2,3,3,3,3,2,2,2,3,3,3,2,3,3,3,2,3,3,3,2,3,3,2,2,2,2,2,2,2,3,2,2,2,3,2,2,2,3,3,3,2,3,3,3,3,3,2,3,2,3,2,2,3,3,2,3,3,2,2,3,3,2,3,3,2,2,3,3,3,3,2,3,2,3,2,2,2,2,3,2,3,3,2,2,2,2,2,2,2,3,2,3,2,3,3,2,3,2,3,2,2,2,2,2,2,2,2,2,2,2,3,2,2,3,2,2,3,3,2,2,3,2,2,2,3,2,3,3,2,3,3,3,3,2,2,3,2,3,3,3
0.12229,3,3,3,2,2,2,3,2,2,2,2,3,2,3,2,3,3,3,3,2,2,2,2,2,2,2,2,3,2,3,2,3,2,3,2,2,3,2,3,2,3,3,2,2,2,2,2,2,3,2,3,3,3,3,2,3,2,3,2,2,3,2,2,2,2,2,3,3,3,3,3,2,2,3,3,2,2,2,3,3,2,3,3,3,3,3,3,2,3,2,3,2,2,2,2,2,2,2,3,2,2,2,3,2,2,2,2,3,2,2,3,2,2,3,3,2,2,3,3,3,2,3,3,2,3,3,2,3,3,2,3,3,3,3,3,3,3,3,3,2,3,2,3,2,3,3,2,2,2,2,2,2,2,2,3,2,3,2,2,2,2,3,2,3,3,2,2,2,2,3,2,2,2,2,3,3,3,2,2,2,3,3,2,3,2,2,2,3,2,2,3,3,2,2,3,3,2,3,2,3,3,2,3,3,3
0.15182,3,2,3,2,2,3,2,2,2,2,2,2,3,3,3,3,3,3,3,2,2,2,2,2,3,2,2,3,3,3,2,2,2,2,2,2,3,2,2,2,3,2,3,3,3,2,2,2,3,2,2,2,2,3,3,2,3,3,3,3,3,2,2,2,2,2,2,3,3,3,3,3,2,3,3,2,2,2,3,2,2,3,3,3,3,3,3,2,2,2,3,2,2,3,3,2,2,3,3,3,2,2,3,2,2,2,2,3,3,2,3,2,3,2,3,2,2,2,2,2,2,3,3,2,3,3,2,3,3,2,3,3,3,3,3,3,3,2,2,2,3,2,3,2,2,3,3,3,2,2,2,2,2,2,3,2,3,3,2,3,3,2,2,2,3,3,2,2,3,3,2,2,2,2,3,3,2,2,3,2,2,2,2,3,2,2,2,2,2,2,3,3,3,2,2,2,3,2,3,3,3,3,3,2,3
0.21689,3,2,3,2,2,3,2,2,2,2,2,2,3,2,3,2,3,3,3,2,2,2,2,2,3,2,2,2,2,3,2,2,3,2,3,2,3,2,2,2,2,3,3,2,3,2,2,2,3,2,2,3,2,2,2,2,2,2,3,3,3,2,2,2,2,2,2,3,3,2,3,3,2,3,3,2,2,2,3,2,2,3,3,2,3,3,2,2,2,2,3,3,2,2,2,2,2,2,3,3,2,2,3,2,2,2,2,3,3,3,3,2,3,2,3,2,2,3,2,3,3,3,3,2,2,2,2,2,2,2,3,3,3,3,2,3,2,2,2,3,2,2,3,3,2,3,3,3,2,2,2,2,2,2,3,2,3,3,3,3,2,3,2,2,3,3,2,2,3,3,2,2,2,2,3,2,3,2,3,2,3,2,2,2,2,3,2,2,2,2,2,3,2,2,2,3,3,2,2,3,3,2,3,3,3
0.20349,3,2,3,2,2,3,3,2,2,2,2,3,2,3,3,3,3,3,3,2,2,2,2,2,3,2,2,3,2,2,2,3,3,3,3,2,3,2,3,2,2,2,3,3,3,2,2,2,3,2,2,2,3,3,3,2,2,2,3,3,3,2,2,2,2,2,2,2,3,3,3,2,2,3,3,2,2,2,2,2,2,3,3,3,2,3,3,3,2,2,2,2,2,2,2,2,2,2,2,2,2,2,3,3,2,2,2,2,3,2,3,3,2,3,3,2,2,2,3,2,3,3,3,2,3,3,2,3,2,2,2,3,3,3,3,2,3,3,2,2,3,3,3,3,2,3,2,3,2,2,2,2,2,3,3,2,3,2,3,3,3,3,3,3,3,3,2,2,2,2,2,2,2,2,3,3,2,2,2,2,3,3,2,3,2,3,2,3,2,3,3,3,3,2,2,2,2,3,3,2,3,3,2,3,3
0.25041,3,3,2,2,2,3,3,2,2,2,2,2,3,3,2,3,3,3,2,2,2,2,2,2,2,2,2,3,2,2,2,2,3,2,3,2,2,2,2,3,3,2,3,3,2,2,2,2,3,2,2,3,2,3,3,3,3,3,3,2,3,2,2,2,2,2,3,3,3,2,3,2,2,3,3,2,2,3,3,2,2,3,3,2,3,3,2,3,3,2,3,3,2,2,3,2,2,2,3,2,2,2,2,2,3,2,3,3,3,3,3,3,2,2,3,2,3,3,2,2,3,3,3,3,2,2,2,2,2,3,3,3,3,3,3,3,3,3,2,3,2,2,2,2,2,3,3,3,2,2,2,2,2,2,3,2,2,3,2,3,2,3,2,3,2,3,2,2,2,2,2,2,2,2,3,2,2,2,2,2,2,3,2,2,2,2,2,3,2,2,2,2,3,2,3,3,2,3,3,3,3,3,3,3,3
0.13885,3,2,2,2,2,2,3,2,2,2,2,2,3,3,3,3,3,3,2,2,2,2,2,2,3,3,2,3,2,2,3,3,2,2,3,3,3,2,3,2,3,3,3,2,3,2,2,2,3,2,2,2,3,2,2,3,3,2,3,3,3,2,2,2,2,2,2,3,3,3,3,3,2,3,3,2,3,3,3,3,2,3,3,3,3,3,2,3,3,2,3,2,2,3,2,2,2,3,3,3,2,2,3,2,3,2,2,2,3,3,3,3,2,2,3,2,3,3,3,2,3,3,2,2,3,3,2,3,2,3,3,3,3,3,2,3,3,2,2,3,2,2,3,2,3,3,3,2,1,2,2,2,2,2,3,2,2,2,3,3,2,3,2,3,2,2,2,2,2,2,2,2,2,2,2,3,2,2,3,2,3,2,2,2,2,2,2,2,2,2,2,3,2,2,2,2,3,3,3,3,3,3,3,3,3
0.73748,3,3,3,2,2,3,3,2,2,2,2,3,3,2,3,2,3,3,3,2,2,2,2,3,3,3,2,3,3,3,2,2,2,2,2,3,2,2,3,3,2,3,3,3,2,2,2,2,3,2,3,3,3,2,2,2,3,3,3,2,2,2,2,2,2,2,3,2,3,3,3,2,2,3,3,2,3,3,3,3,2,3,3,3,2,3,3,2,3,2,2,3,2,3,2,2,2,2,3,3,2,2,3,3,2,2,2,2,2,2,3,2,2,2,3,2,2,3,3,2,3,3,3,2,2,3,2,2,2,3,3,3,3,3,2,3,3,2,3,3,2,2,3,2,2,2,3,3,2,2,2,2,2,2,3,2,2,3,2,2,2,2,3,2,3,2,2,2,2,3,2,2,2,2,3,2,2,2,2,2,2,2,3,2,2,2,2,3,2,3,3,3,3,2,3,2,3,3,3,2,3,3,3,2,3
0.6023,3,3,3,3,2,3,3,2,2,2,2,3,2,3,3,2,3,3,2,2,2,2,2,3,2,3,2,3,2,3,2,2,2,3,2,3,3,2,3,3,3,3,2,2,2,2,2,2,3,2,2,3,3,3,2,3,3,2,2,3,2,2,2,2,2,2,2,2,3,2,3,3,2,3,3,2,3,3,3,3,2,2,3,3,3,3,3,3,3,3,3,2,2,3,2,2,2,3,3,2,2,2,2,2,3,2,2,2,3,3,3,3,3,2,3,2,2,3,3,2,2,3,3,3,3,3,2,3,3,3,2,3,3,3,3,2,3,3,3,2,2,3,3,2,3,3,2,2,2,2,2,2,2,2,3,2,2,3,3,2,2,3,3,3,3,2,2,2,2,3,2,2,2,3,2,3,2,2,2,2,3,3,2,3,2,2,2,3,2,3,3,2,3,2,3,2,3,3,2,2,3,2,3,2,3
0.24524,3,2,2,2,2,2,2,2,2,2,2,2,2,2,2,3,3,3,3,2,2,2,2,2,2,3,2,2,3,2,2,3,2,3,3,3,3,2,3,3,3,2,2,2,3,2,2,2,3,2,3,2,2,2,2,3,2,3,2,2,2,2,2,2,2,2,2,2,3,2,3,2,2,3,3,3,3,3,3,2,2,3,3,3,3,3,2,3,2,2,3,2,2,2,2,2,2,2,3,2,2,2,2,3,2,2,2,2,3,2,3,2,3,2,3,2,2,2,2,2,2,3,2,2,3,3,2,3,3,2,2,3,3,3,3,3,3,2,3,2,2,3,3,2,2,3,3,2,2,2,2,2,2,2,3,2,3,2,2,2,2,2,3,3,2,3,2,3,2,2,2,2,2,2,2,2,3,2,3,2,2,3,3,2,2,2,2,2,2,2,3,2,2,2,3,3,2,2,3,2,3,2,3,2,3
0.34594,3,2,3,2,2,2,3,2,2,2,2,3,3,2,3,3,3,3,2,3,2,2,2,2,3,2,2,2,3,2,3,2,2,2,2,3,3,2,2,2,2,3,2,2,2,2,2,2,3,2,2,2,2,3,3,2,2,2,2,2,3,2,2,2,2,2,2,2,2,2,3,2,2,3,3,2,2,3,3,2,2,3,3,3,3,3,2,2,2,2,3,2,2,2,2,2,2,2,3,3,2,2,2,2,2,2,3,2,3,2,3,3,2,2,3,2,2,2,2,3,3,3,2,3,3,3,2,3,2,2,3,3,3,3,3,3,3,2,2,3,3,2,3,2,3,3,3,2,3,2,2,2,2,2,3,2,2,3,2,2,2,2,3,3,3,2,2,2,2,3,2,2,2,2,3,2,2,2,3,2,2,2,2,2,2,2,2,2,3,3,3,3,2,2,2,2,3,2,3,2,3,3,3,2,3
0.26816,3,2,3,2,2,3,2,2,2,2,2,2,3,2,3,2,3,3,2,2,2,2,2,2,2,3,2,2,2,2,3,2,3,3,2,3,3,2,3,2,3,3,2,3,3,2,2,2,3,2,2,2,2,3,3,3,2,3,2,2,2,2,2,2,2,2,2,2,3,2,3,2,2,3,3,3,2,2,3,2,2,3,3,3,3,3,2,2,2,2,2,3,2,3,2,1,2,3,3,3,2,2,2,2,2,2,3,3,3,1,3,3,2,2,2,2,3,3,3,2,2,3,3,2,3,3,2,3,3,3,3,3,3,3,2,2,3,2,3,3,3,3,3,2,2,3,3,2,3,2,2,2,2,3,3,2,3,3,2,2,1,2,2,3,3,2,2,2,3,2,2,2,2,3,2,1,3,2,2,2,2,2,2,3,2,2,2,3,3,3,3,2,2,2,3,3,3,3,3,2,3,3,3,2,3
0.42142,3,3,2,2,2,2,3,2,2,2,2,3,3,2,2,3,3,3,2,2,3,2,2,3,3,2,2,2,2,2,3,1,2,3,3,3,3,2,2,2,2,2,2,2,3,2,2,2,3,2,3,3,2,2,2,1,2,2,3,3,1,2,2,2,2,2,3,2,3,2,2,1,2,3,3,3,2,3,3,3,2,3,3,3,3,3,2,2,3,2,3,3,2,2,2,2,2,2,3,3,2,2,3,2,2,2,2,3,3,3,2,2,4,2,3,2,3,2,2,1,1,3,2,3,3,3,2,3,2,3,3,3,3,3,2,1,3,2,2,2,3,2,2,4,2,3,3,3,3,3,2,2,2,2,3,1,2,2,3,2,2,2,2,3,3,3,2,2,2,3,2,2,2,3,2,3,2,2,3,2,2,3,3,2,2,3,2,3,2,2,2,2,3,2,2,2,3,2,2,2,3,2,3,2,3
0.72687,3,2,2,2,2,3,3,2,2,2,2,2,3,2,3,1,3,3,2,3,2,2,2,2,2,2,2,4,2,2,3,3,3,3,2,2,3,2,3,2,3,3,2,2,3,2,2,2,3,2,2,2,2,1,3,1,2,2,2,2,2,2,2,2,2,2,2,2,3,2,3,2,2,3,3,3,3,3,3,3,2,3,3,2,3,3,2,2,1,3,3,3,2,3,3,1,2,2,3,3,2,2,2,3,3,2,2,2,3,2,3,3,2,2,3,2,2,2,2,3,2,3,2,1,2,3,2,3,2,3,3,3,3,3,3,2,3,3,1,2,3,2,3,3,3,3,3,2,1,2,2,2,2,2,3,1,2,3,2,3,3,2,2,1,3,2,2,3,2,2,2,2,2,2,2,3,3,3,2,2,2,3,2,3,2,2,2,2,2,2,2,2,2,2,1,2,1,3,2,2,3,3,3,2,3
0.17731,3,2,2,2,2,3,2,2,2,2,2,2,2,2,2,2,3,3,2,2,2,2,2,3,2,3,2,3,3,3,2,3,2,2,2,3,2,2,2,3,3,2,3,1,3,2,2,2,3,2,2,2,3,3,2,2,3,3,1,3,2,2,2,2,3,2,2,2,3,2,3,2,2,3,3,3,3,3,3,1,2,3,3,3,1,3,1,3,3,2,2,3,2,3,3,1,2,3,3,3,2,2,3,2,2,2,3,2,3,2,3,3,3,2,3,2,2,1,3,3,2,1,3,2,3,3,2,3,2,2,3,3,3,3,2,2,3,2,3,2,3,2,2,2,2,3,2,2,3,2,2,2,2,2,3,2,3,3,3,2,2,2,2,3,2,3,2,2,3,2,2,2,2,3,2,3,3,2,3,2,1,3,2,3,2,2,2,3,2,3,3,2,2,2,2,3,3,3,2,2,3,3,3,2,3
0.2904,3,3,2,2,2,2,2,2,2,2,2,1,2,2,2,2,3,2,2,2,2,2,2,2,2,3,2,2,2,2,3,3,3,2,3,2,2,2,3,3,2,3,2,3,3,2,2,2,3,2,2,2,2,3,2,3,2,2,2,2,3,2,2,2,2,2,2,3,3,3,3,3,2,3,3,2,3,2,3,2,2,3,3,3,3,3,3,2,2,2,3,2,2,2,2,2,2,3,2,2,2,2,3,3,2,2,2,2,2,3,3,2,3,2,3,2,2,3,2,2,3,3,3,3,3,3,2,3,2,3,2,3,3,3,2,3,3,3,3,3,2,2,3,2,2,3,3,3,2,3,2,2,2,3,3,3,2,2,2,2,2,3,3,3,3,3,2,2,3,3,2,2,2,3,2,3,3,2,2,2,2,2,2,2,2,3,2,2,3,3,1,2,3,2,2,2,3,2,2,2,2,3,3,3,3
0.23177,3,3,3,2,2,2,2,2,2,2,2,3,2,3,3,2,3,2,3,3,2,2,2,2,2,3,2,2,3,3,3,2,3,3,2,2,3,2,3,3,2,2,2,2,3,2,2,2,3,2,2,2,3,3,2,2,2,2,2,2,3,2,2,2,2,2,3,2,3,2,3,2,2,3,3,2,3,3,2,3,2,3,3,3,3,3,2,3,2,2,3,2,2,2,2,3,2,3,3,3,2,2,2,2,2,2,2,3,3,3,3,3,3,2,2,2,2,2,3,2,3,3,3,3,3,3,2,3,2,2,3,3,3,3,3,2,3,3,2,3,2,2,2,2,3,3,3,2,2,2,2,2,2,2,3,3,2,2,3,3,3,3,3,3,2,2,2,2,2,3,2,2,2,3,2,2,3,2,3,2,3,3,3,2,2,2,2,3,2,3,2,3,2,2,3,2,2,3,2,3,3,3,3,3,3
0.17525,3,3,3,2,2,2,2,2,2,2,2,3,3,3,3,3,3,3,3,2,2,2,2,3,2,2,2,2,3,3,3,2,3,3,3,2,3,2,3,3,2,2,2,2,2,2,2,2,3,2,2,3,3,2,3,2,3,3,2,2,2,2,2,2,2,2,3,2,3,2,2,3,2,3,3,3,3,3,3,2,2,3,3,3,3,3,3,2,2,2,3,3,2,2,2,3,2,3,3,3,2,2,3,3,3,2,3,2,3,2,3,2,3,2,3,2,2,3,3,3,3,3,2,3,2,3,2,3,2,3,2,3,3,3,2,3,3,3,3,2,2,3,2,3,2,3,3,2,3,2,2,2,2,2,3,3,3,3,2,3,2,3,3,3,2,3,2,2,3,2,2,2,2,3,2,2,2,2,2,2,3,2,3,2,2,3,2,3,2,2,3,3,2,2,2,2,3,2,2,2,3,3,3,3,3
0.19028,3,2,2,2,2,2,3,2,2,2,2,2,2,3,3,3,3,2,2,2,2,2,2,2,2,3,2,3,3,3,2,2,2,2,3,3,2,2,2,3,2,3,3,2,2,2,2,2,3,2,2,3,3,2,3,3,3,3,3,3,2,2,2,2,2,2,3,2,3,2,3,2,2,3,3,2,3,3,3,2,2,3,3,3,3,3,2,2,2,2,3,3,2,2,3,3,2,2,3,3,2,2,2,2,2,2,3,2,3,2,3,3,2,2,2,2,2,2,3,2,2,3,2,2,3,3,2,3,2,2,2,3,3,2,2,2,3,3,2,2,2,3,2,3,3,3,3,3,2,2,2,2,2,2,3,3,2,3,2,2,2,3,3,3,2,3,2,3,3,2,2,2,2,2,2,2,2,2,2,2,3,2,2,2,2,3,2,3,3,3,3,2,2,2,2,2,3,3,2,3,3,3,2,3,3
0.46668,3,3,2,2,2,2,2,2,2,2,2,3,2,3,2,3,3,2,3,2,3,2,2,2,3,3,2,2,3,3,2,2,2,2,2,2,2,2,3,2,3,3,2,2,2,2,2,2,3,2,2,3,3,2,3,2,3,2,3,3,3,2,2,2,2,2,2,3,3,3,2,2,2,3,3,2,3,2,3,2,2,3,3,3,3,3,2,2,3,2,3,3,2,2,3,2,2,2,3,3,2,2,3,2,2,2,2,3,3,2,3,3,2,2,3,2,2,3,3,3,3,3,2,2,3,3,2,3,3,2,2,3,3,3,3,3,3,2,3,2,2,3,2,3,3,3,2,2,2,2,2,2,2,3,3,2,2,3,2,2,2,3,3,3,3,3,2,3,2,3,2,2,2,2,2,3,2,2,2,2,3,2,3,3,2,3,2,2,3,3,3,2,2,2,2,3,3,3,3,3,3,3,3,3,3
0.36359,3,2,3,2,2,3,3,2,2,2,2,3,2,3,2,2,3,2,3,2,2,2,2,2,3,2,2,3,2,3,3,2,3,2,2,3,3,2,3,3,3,2,2,2,3,2,2,2,3,2,2,3,2,3,3,3,2,3,3,1,3,2,2,2,2,2,3,3,3,3,3,3,2,3,2,3,3,2,3,2,2,3,3,3,3,3,2,3,3,2,2,2,2,3,3,2,2,2,2,3,2,2,3,2,3,2,3,2,3,3,3,3,2,2,3,2,3,2,2,2,2,3,2,3,3,3,2,2,3,2,3,3,3,3,2,3,3,3,3,2,3,2,2,2,2,2,2,3,2,2,2,2,2,3,3,2,3,2,3,3,2,3,3,3,2,2,2,3,2,2,2,2,2,2,3,2,2,2,3,2,3,2,2,2,2,2,2,2,2,3,3,3,3,2,2,3,3,2,2,2,3,2,3,3,3
0.56888,3,2,2,2,2,2,3,2,2,2,2,3,3,3,2,2,3,3,2,2,2,2,2,2,2,3,2,2,2,2,2,2,3,3,2,3,3,2,2,3,3,2,2,2,2,2,2,2,3,2,2,2,2,3,2,3,2,2,3,2,2,2,2,2,2,2,2,3,3,2,3,3,2,3,3,2,2,2,1,3,2,3,3,3,3,3,2,2,2,2,3,2,2,2,2,2,2,3,3,2,2,2,2,2,3,2,3,2,3,2,3,2,2,2,3,2,2,3,2,3,2,3,3,2,3,3,2,3,2,3,2,3,3,3,3,3,3,3,2,2,2,3,2,2,2,3,2,2,2,2,2,2,2,2,3,2,2,2,2,3,3,3,2,3,2,3,2,2,2,2,2,2,2,2,2,3,3,2,2,2,3,3,3,2,2,2,2,3,3,3,2,2,2,2,2,2,2,2,2,3,3,2,3,3,3
0.20705,3,2,3,2,2,3,3,2,2,2,2,2,2,3,3,3,3,3,3,2,3,2,2,2,3,2,2,3,3,2,3,2,2,2,2,2,2,2,2,2,3,2,2,2,2,2,2,2,3,2,3,3,2,2,2,2,2,2,3,2,3,2,2,2,2,2,3,3,3,2,3,3,2,3,3,2,2,2,3,2,2,3,3,3,3,3,2,2,2,2,3,3,2,2,3,2,2,2,3,2,2,2,2,2,2,2,3,2,3,2,3,2,3,2,3,2,2,2,2,3,3,3,2,2,2,3,2,3,3,3,3,3,3,3,3,2,3,2,2,2,2,3,2,3,2,3,3,3,3,2,2,2,2,2,3,2,2,3,2,2,2,3,3,3,3,2,2,3,3,2,2,2,2,3,2,2,2,2,2,2,3,3,3,3,2,2,2,3,2,2,2,3,2,2,2,2,2,3,2,3,3,3,3,3,3
0.48723,3,3,2,2,2,2,3,2,2,2,2,2,3,3,2,2,3,2,3,2,2,2,2,2,2,2,2,3,3,3,2,2,3,2,2,2,2,2,2,3,3,2,2,3,3,2,2,2,3,2,2,2,3,2,2,2,2,2,3,2,3,2,2,2,2,2,2,3,3,2,3,3,2,3,3,3,3,2,2,2,2,3,3,2,3,3,2,2,2,2,3,3,2,2,3,2,2,2,3,2,2,2,3,3,2,2,2,2,3,3,3,2,2,2,3,2,2,3,2,2,2,3,3,2,3,3,2,3,2,3,2,3,3,2,3,2,3,2,2,2,2,2,2,2,2,2,2,2,2,3,2,2,2,3,2,3,2,2,3,2,3,3,3,3,3,2,2,3,2,2,2,2,2,3,3,2,2,2,2,2,3,3,3,2,2,2,2,2,2,3,2,3,2,2,2,2,2,3,2,3,3,2,3,3,3
0.064764,3,2,3,2,2,2,3,2,2,2,2,2,2,3,3,3,2,2,3,2,2,2,2,2,2,2,2,3,3,2,3,3,2,3,2,3,2,2,3,2,2,2,2,3,3,2,2,2,3,2,2,2,2,2,3,2,2,3,3,2,3,2,2,2,2,2,2,3,3,2,2,2,2,3,3,2,2,2,2,2,2,3,3,3,3,3,2,3,2,2,2,2,2,3,3,3,2,2,2,2,2,2,3,2,2,2,2,2,3,3,3,2,2,2,3,2,2,2,2,2,2,3,2,2,3,2,2,3,3,2,3,3,3,3,3,2,2,3,2,2,3,2,2,2,2,3,2,3,3,2,2,2,2,2,2,3,2,3,2,2,2,2,3,2,2,3,2,2,2,2,2,2,2,3,2,2,2,2,3,2,3,2,3,2,2,2,2,3,2,2,2,3,3,2,2,2,2,2,3,2,3,3,3,2,2
0.36729,3,2,2,2,2,3,3,2,2,2,2,2,2,3,2,2,3,2,2,2,2,2,2,2,3,2,2,2,2,2,3,2,3,2,2,2,2,2,2,2,3,3,3,2,3,2,2,2,3,2,2,2,2,2,2,2,3,2,3,3,3,2,2,2,2,2,3,2,3,2,2,3,2,3,2,3,2,3,3,3,2,3,3,3,2,3,3,3,2,2,2,3,2,2,3,3,2,2,2,2,2,2,2,2,3,2,2,2,3,3,3,2,2,2,3,2,3,2,2,2,3,3,3,2,3,2,2,3,3,3,3,3,3,3,2,3,3,2,3,3,2,2,2,2,3,3,3,2,2,2,2,2,2,2,3,3,3,3,3,2,3,2,3,3,3,2,2,2,3,2,2,2,2,3,2,3,2,2,3,2,2,2,2,2,2,2,2,3,2,3,3,3,2,2,2,2,2,3,2,3,3,2,3,3,3
0.24161,3,3,2,2,2,3,3,2,2,2,2,3,2,3,2,2,2,2,2,2,2,2,2,2,2,2,2,3,3,2,3,2,3,3,3,3,3,2,2,2,3,2,2,3,2,2,2,2,3,2,2,2,2,2,2,2,3,2,3,2,3,2,2,2,2,2,2,3,3,2,3,2,2,3,3,3,3,2,3,2,2,2,3,3,2,3,2,3,2,2,3,2,2,2,3,3,2,3,3,2,2,2,2,2,2,2,2,2,3,2,3,3,2,2,2,2,2,2,3,2,2,3,2,2,2,3,2,3,2,3,3,3,3,3,2,3,3,2,3,2,2,2,2,2,2,3,3,1,2,2,2,2,2,2,2,3,3,3,3,3,3,3,2,3,3,2,2,3,2,3,2,2,2,3,3,2,3,2,2,2,2,2,3,2,2,2,2,3,2,2,3,2,2,2,2,2,2,2,2,3,3,2,3,2,2
0.22904,3,2,3,2,2,2,2,2,2,2,2,3,3,3,3,3,3,3,3,2,2,2,2,2,2,3,2,3,3,2,2,2,2,3,3,3,3,2,3,3,2,2,3,3,2,2,2,2,3,2,2,2,3,2,2,2,2,3,2,2,2,2,2,2,2,2,1,2,3,2,3,2,2,3,2,2,3,3,2,3,2,3,3,3,3,3,3,3,3,2,3,2,2,2,3,3,2,2,3,2,2,2,2,3,3,2,2,2,3,2,3,2,3,2,3,2,3,2,2,2,2,3,3,2,3,3,2,3,2,2,3,3,3,3,3,2,3,3,2,3,2,2,3,3,2,3,2,2,2,2,2,2,2,2,3,3,2,3,2,3,3,2,3,3,2,2,2,3,2,2,2,2,2,3,2,3,2,2,3,2,3,3,2,3,2,3,2,1,2,2,2,2,2,2,3,3,3,2,2,2,3,2,3,3,3
